target,source,weight
水谷丰,寺胁康文,8
岸部一德,内田有纪,7
铃木砂羽,寺胁康文,7
水谷丰,铃木砂羽,7
内田有纪,岸部一德,7
寺胁康文,铃木砂羽,7
小田切让,松重丰,7
田口浩正,羽田美智子,6
羽田美智子,田口浩正,6
米仓凉子,岸部一德,6
水谷丰,铃木杏树,6
米仓凉子,内田有纪,6
松重丰,小田切让,6
远藤宪一,西田敏行,6
水谷丰,反町隆史,5
津田治,羽田美智子,5
羽田美智子,津田治,5
小林隆,西村雅彦,5
小林薰,小田切让,5
杉本哲太,浅利阳介,5
西田敏行,岸部一德,5
田村正和,小林隆,5
小林薰,松重丰,5
木村拓哉,松隆子,5
米仓凉子,西田敏行,5
西田敏行,内田有纪,5
岸部一德,西田敏行,5
井ノ原快彦,津田治,5
岸部一德,远藤宪一,5
远藤宪一,岸部一德,5
浅利阳介,杉本哲太,5
天海v希,玉山铁二,5
西田敏行,远藤宪一,5
西村雅彦,小林隆,5
内田有纪,西田敏行,5
井ノ原快彦,羽田美智子,5
米仓凉子,胜村政信,4
川原和久,山西,4
米仓凉子,远藤宪一,4
户田惠梨香,寺岛进,4
池田铁洋,阿部隆史,4
中越典子,田口浩正,4
水谷丰,山西,4
佐佐木藏之介,阿部隆史,4
水谷丰,川原和久,4
中越典子,羽田美智子,4
吉田羊,光石研,4
凉,寺岛进,4
寺岛进,凉,4
寺岛进,户田惠梨香,4
田口浩正,津田治,4
森下爱子,V本高史,4
田口浩正,井ノ原快彦,4
田村正和,西村雅彦,4
田口浩正,中越典子,4
小田切让,岩松了,4
井ノ原快彦,田口浩正,4
星野源,吉田羊,4
吉田羊,星野源,4
胜村政信,岸部一德,4
户田惠梨香,吉濑美智子,4
室毅,佐藤二朗,4
坂口宪二,阿部隆史,4
渡恒彦,井ノ原快彦,4
渡恒彦,津田治,4
坂口宪二,池田铁洋,4
渡恒彦,田口浩正,4
渡恒彦,羽田美智子,4
仲间由纪惠,生濑胜久,4
坂口宪二,岸部一德,4
坂口宪二,小池彻平,4
坂口宪二,夏木真理,4
绫濑遥,小出惠介,4
远藤宪一,内田有纪,4
仲间由纪惠,阿部宽,4
水谷丰,石坂浩二,4
坂口宪二,佐佐木藏之介,4
池田铁洋,岸部一德,4
岸部一德,阿部隆史,4
户田惠梨香,凉,4
佐佐木藏之介,小池彻平,4
内田有纪,远藤宪一,4
佐佐木藏之介,岸部一德,4
池田铁洋,佐佐木藏之介,4
池田铁洋,夏木真理,4
佐佐木藏之介,池田铁洋,4
光石研,松重丰,4
内田有纪,胜村政信,4
凉,户田惠梨香,4
池田铁洋,小池彻平,4
佐佐木藏之介,夏木真理,4
天海v希,竹野内丰,4
岸部一德,佐佐木藏之介,4
森久保祥太郎,野田顺子,4
岸部一德,池田铁洋,4
森田成一,野田顺子,4
V本高史,森下爱子,4
津田治,井ノ原快彦,4
小出惠介,绫濑遥,4
津田治,田口浩正,4
岸部一德,小池彻平,4
羽田美智子,中越典子,4
羽田美智子,井ノ原快彦,4
岸部一德,夏木真理,4
生濑胜久,阿部宽,4
松重丰,光石研,4
小田切让,光石研,4
夏木真理,佐佐木藏之介,4
阿部隆史,池田铁洋,4
阿部隆史,岸部一德,4
阿部隆史,小池彻平,4
阿部隆史,夏木真理,4
夏木真理,小池彻平,4
夏木真理,岸部一德,4
阿部隆史,佐佐木藏之介,4
阿部宽,生濑胜久,4
夏木真理,池田铁洋,4
森久保祥太郎,森田成一,4
夏木真理,阿部隆史,4
山西,川原和久,4
山下智久,户田惠梨香,4
阿部宽,野际阳子,4
山下智久,新垣结衣,4
小池彻平,佐佐木藏之介,4
上野树里,瑛太,4
岸部一德,胜村政信,4
野田顺子,森田成一,4
小池彻平,阿部隆史,4
江口洋介,山本耕史,4
胜村政信,内田有纪,4
小池彻平,池田铁洋,4
小池彻平,夏木真理,4
小池彻平,岸部一德,4
佐藤二朗,室毅,4
尾美利德,V本高史,4
V本高史,尾美利德,4
杉本哲太,户田惠梨香,3
森田成一,朴璐美,3
绫濑遥,桐谷健太,3
森田成一,桐井大介,3
G本优子,荻原秀树,3
三石琴乃,置鲇龙太郎,3
菅野美穗,香川照之,3
杉本哲太,凉,3
木南晴夏,佐藤二朗,3
菅野美穗,阿部宽,3
小田切让,不破万作,3
杉本哲太,新垣结衣,3
盐屋浩三,岛田敏,3
户田惠梨香,杉本哲太,3
户田惠梨香,新垣结衣,3
户田惠梨香,比嘉爱未,3
户田惠梨香,浅利阳介,3
石坂浩二,铃木杏树,3
户田惠梨香,沟端淳平,3
G本优子,桐井大介,3
G本优子,野田顺子,3
森田成一,D野俊介,3
水川麻美,瑛太,3
比嘉爱未,浅利阳介,3
森田成一,宫田幸季,3
户田惠梨香,椎名桔平,3
杉本哲太,儿玉清,3
石坂浩二,神保悟志 ,3
木南晴夏,宅麻伸,3
远藤宪一,小日向文世,3
比嘉爱未,杉本哲太,3
G本优子,茅原实里,3
松坂桃李,柳乐优弥,3
长泽雅美,小日向文世,3
比嘉爱未,户田惠梨香,3
户田惠子,京野琴美,3
小田切让,绫田俊树,3
比嘉爱未,寺岛进,3
津田治,吹越,3
桐井大介,茅原实里,3
矢部享佑,崎本大海,3
G本优子,森田成一,3
铃木京香,山本耕史,3
杉本哲太,比嘉爱未,3
岸部一德,稻森泉,3
G本优子,宫田幸季,3
桐井大介,野田顺子,3
生濑胜久,野际阳子,3
杉本哲太,寺岛进,3
户田惠子,宝生舞,3
比嘉爱未,新垣结衣,3
中原丈雄,高x淳子,3
桐井大介,荻原秀树,3
桐井大介,G本优子,3
小田切让,麻生久美子,3
森田成一,G本优子,3
森田成一,羽多野涉,3
西岛秀俊,木村多江,3
小田切让,布施绘里,3
反町隆史,竹野内丰,3
森田成一,茅原实里,3
森田成一,荻原秀树,3
森田成一,落合弘治,3
反町隆史,石坂浩二,3
木南晴夏,室毅,3
生濑胜久,大岛蓉子,3
岸部一德,铃木浩介,3
铃木浩介,岸部一德,3
井ノ原快彦,吹越,3
佐藤二朗,木南晴夏,3
羽多野涉,野田顺子,3
竹野内丰,广末凉子,3
片桐入,美村里江,3
羽多野涉,落合弘治,3
布施绘里,岩松了,3
三浦友和,光石研,3
D野俊介,野田顺子,3
羽多野涉,森田成一,3
小出惠介,桐谷健太,3
羽多野涉,朴璐美,3
野田顺子,D野俊介,3
D野俊介,落合弘治,3
羽多野涉,D野俊介,3
常盘贵子,野际阳子,3
野田顺子,宫田幸季,3
佐藤二朗,宅麻伸,3
D野俊介,羽多野涉,3
野田顺子,朴璐美,3
野田顺子,桐井大介,3
石田壹成,酒井法子,3
胜村政信,儿玉清,3
田x智子,须藤理彩,3
美村里江,片桐入,3
D野俊介,森田成一,3
D野俊介,朴璐美,3
野田顺子,G本优子,3
阿部宽,大岛蓉子,3
羽田美智子,原沙知绘,3
宝生舞,京野琴美,3
羽田美智子,吹越,3
新垣结衣,户田惠梨香,3
山下智久,比嘉爱未,3
山下智久,寺岛进,3
阿部宽,香川照之,3
山下智久,浅利阳介,3
阿部宽,菅野美穗,3
山下智久,凉,3
新垣结衣,杉本哲太,3
新垣结衣,比嘉爱未,3
新垣结衣,寺岛进,3
新垣结衣,浅利阳介,3
夏木真理,稻森泉,3
唐泽寿明,江口洋介,3
阿部宽,松隆子,3
山中崇史,山西,3
山中崇史,川原和久,3
宝生舞,户田惠子,3
柳乐优弥,松坂桃李,3
山中崇史,石坂浩二,3
山中崇史,神保悟志 ,3
阿部隆史,稻森泉,3
新垣结衣,凉,3
尾野真千子,绫野刚,3
竹野内丰,天海v希,3
麻生v未,武田铁矢,3
野田顺子,羽多野涉,3
野田顺子,茅原实里,3
瑛太,水川麻美,3
川原和久,石坂浩二,3
浅利阳介,凉,3
落合弘治,野田顺子,3
光石研,三浦友和,3
坂口宪二,稻森泉,3
小日向文世,松重丰,3
落合弘治,羽多野涉,3
福山雅治,大路惠美,3
落合弘治,森田成一,3
落合弘治,朴璐美,3
桐谷健太,绫濑遥,3
落合弘治,D野俊介,3
川原和久,神保悟志 ,3
室毅,木南晴夏,3
野田顺子,荻原秀树,3
光石研,泷藤贤一,3
川原和久,山中崇史,3
绫野刚,吉田羊,3
绫田俊树,松重丰,3
绫田俊树,小田切让,3
桐谷健太,小出惠介,3
田口浩正,吹越,3
武田铁矢,麻生v未,3
田口智朗,松重丰,3
崎本大海,矢部享佑,3
远藤宪一,野间口彻,3
远藤宪一,草刈正雄,3
儿玉清,杉本哲太,3
野际阳子,阿部宽,3
坂口宪二,内田有纪,3
吹越,井ノ原快彦,3
野田顺子,落合弘治,3
宅麻伸,佐藤二朗,3
胜村政信,西田敏行,3
宅麻伸,木南晴夏,3
置鲇龙太郎,三石琴乃,3
寺岛进,浅利阳介,3
寺岛进,比嘉爱未,3
原沙知绘,羽田美智子,3
寺岛进,杉本哲太,3
寺岛进,新垣结衣,3
田村正和,松隆子,3
大岛蓉子,阿部宽,3
须藤理彩,田x智子,3
大岛蓉子,野际阳子,3
池田铁洋,稻森泉,3
大岛蓉子,生濑胜久,3
小日向文世,内野圣阳,3
佐佐木藏之介,稻森泉,3
泷藤贤一,光石研,3
野际阳子,大岛蓉子,3
泷藤贤一,永山绚斗,3
吹越,羽田美智子,3
吹越,田口浩正,3
野际阳子,生濑胜久,3
吹越,津田治,3
儿玉清,胜村政信,3
比嘉爱未,凉,3
宫田幸季,茅原实里,3
森川智之,浪川大辅,3
内田有纪,铃木浩介,3
宫田幸季,荻原秀树,3
山田孝之,田中幸太朗,3
仲间由纪惠,野际阳子,3
宫田幸季,G本优子,3
山田孝之,矢部享佑,3
森久保祥太郎,D野俊介,3
宫田幸季,森田成一,3
宫田幸季,桐井大介,3
茅原实里,桐井大介,3
山田孝之,绫野刚,3
凉,浅利阳介,3
凉,比嘉爱未,3
神保悟志 ,石坂浩二,3
茅原实里,森田成一,3
仲间由纪惠,大岛蓉子,3
稻森泉,夏木真理,3
凉,杉本哲太,3
茅原实里,G本优子,3
铃木浩介,内田有纪,3
山田孝之,木南晴夏,3
茅原实里,宫田幸季,3
山田孝之,佐藤二朗,3
京野琴美,宝生舞,3
渡恒彦,吹越,3
松冈茉优,吉田羊,3
松隆子,阿部宽,3
京野琴美,户田惠子,3
吉田羊,泷藤贤一,3
雅人,铃木京香,3
吉田羊,松冈茉优,3
宫田幸季,野田顺子,3
稻森泉,佐佐木藏之介,3
神保悟志 ,山中崇史,3
神保悟志 ,山西,3
铃木杏树,石坂浩二,3
神保悟志 ,川原和久,3
内田有纪,浅野和之,3
山田孝之,宅麻伸,3
山田孝之,室毅,3
山田孝之,崎本大海,3
凉,新垣结衣,3
岛田敏,盐屋浩三,3
稻森泉,小池彻平,3
本木雅弘,阿部宽,3
森久保祥太郎,落合弘治,3
森久保祥太郎,荻原秀树,3
森久保祥太郎,茅原实里,3
森久保祥太郎,羽多野涉,3
森久保祥太郎,G本优子,3
朴璐美,D野俊介,3
西田敏行,胜村政信,3
本木雅弘,菅野美穗,3
本木雅弘,香川照之,3
冈田将生,柳乐优弥,3
森久保祥太郎,桐井大介,3
森久保祥太郎,朴璐美,3
森久保祥太郎,川田绅司,3
山西,神保悟志 ,3
山西,石坂浩二,3
森久保祥太郎,宫田幸季,3
松重丰,小日向文世,3
山西,山中崇史,3
冈田将生,松坂桃李,3
浪川大辅,森川智之,3
茅原实里,荻原秀树,3
内野圣阳,小日向文世,3
米仓凉子,铃木浩介,3
仲野太贺,柳乐优弥,3
仲野太贺,松坂桃李,3
茅原实里,野田顺子,3
朴璐美,野田顺子,3
稻森泉,岸部一德,3
草刈正雄,小林隆,3
朴璐美,落合弘治,3
朴璐美,羽多野涉,3
永山绚斗,泷藤贤一,3
小林隆,草刈正雄,3
松重丰,绫田俊树,3
稻森泉,池田铁洋,3
小池彻平,稻森泉,3
松重丰,田口智朗,3
堂本刚,堂本光一,3
朴璐美,森田成一,3
稻森泉,阿部隆史,3
水谷丰,神保悟志 ,3
山下智久,杉本哲太,3
浅利阳介,新垣结衣,3
水谷丰,山中崇史,3
高x淳子,中原丈雄,3
香川照之,菅野美穗,3
浅利阳介,户田惠梨香,3
香川照之,阿部宽,3
荻原秀树,G本优子,3
石坂浩二,川原和久,3
荻原秀树,宫田幸季,3
木村多江,西岛秀俊,3
桐井大介,宫田幸季,3
石坂浩二,山西,3
天海v希,佐佐木藏之介,3
浅野和之,内田有纪,3
上野树里,水川麻美,3
浅利阳介,比嘉爱未,3
石坂浩二,山中崇史,3
石坂浩二,反町隆史,3
荻原秀树,茅原实里,3
江口洋介,福山雅治,3
水谷丰,及川光博,3
荻原秀树,森田成一,3
桐井大介,森田成一,3
浅利阳介,寺岛进,3
山本耕史,铃木京香,3
荻原秀树,桐井大介,3
荻原秀树,野田顺子,3
岩松了,布施绘里,3
小林薰,绫田俊树,3
草刈正雄,远藤宪一,2
德井优,小泽真珠,2
水川麻美,夏木真理,2
水川麻美,佐佐木藏之介,2
铃村健一,落合弘治,2
D野俊介,本多阳子,2
胜村政信,寺岛进,2
草刈正雄,高x淳子,2
胜村政信,新垣结衣,2
D野俊介,川田绅司,2
草刈正雄,西田敏行,2
D野俊介,桐井大介,2
D野俊介,岩村琴美,2
胜村政信,户田惠梨香,2
D野俊介,宫田幸季,2
D野俊介,G本优子,2
D野俊介,森川智之,2
水川麻美,北村一辉,2
铃村健一,长谷川步,2
小林隆,远藤宪一,2
铃村健一,远近孝一,2
铃村健一,野田顺子,2
D野俊介,浪川大辅,2
新井浩文,三浦诚己,2
铃村健一,远藤久美子,2
草刈正雄,西村雅彦,2
D野俊介,植田佳奈,2
胜村政信,伊东四朗,2
吉田钢太郎,仲野太贺,2
田中幸太朗,绫濑遥,2
铃村健一,谷山纪章,2
D野俊介,森训久,2
D野俊介,茅原实里,2
京田尚子,富泽美智惠,2
D野俊介,草尾毅,2
胜村政信,凉,2
井之原快彦,吹越满,2
胜村政信,杉本哲太,2
小林隆,松隆子,2
臼田麻美,二阶堂富美,2
小林隆,内野圣阳,2
小林隆,伊藤俊人,2
吹越满,津田宽治,2
小林隆,中原丈雄,2
草刈正雄,中原丈雄,2
茅原实里,长谷川步,2
吹越满,松冈茉优,2
吹越满,杉本哲太,2
茅原实里,铃村健一,2
小日向文世,东出昌大,2
京田尚子,岛田敏,2
武内健,宫田幸季,2
茅原实里,野岛裕史,2
水桥研二,室毅,2
吉田钢太郎,高桥洋,2
茅原实里,远近孝一,2
茂吕师冈,光石研,2
茅原实里,远藤久美子,2
折笠富美子,藤田淑子,2
小林隆,大泉洋,2
吹越满,田口浩正,2
D野俊介,下山吉光,2
D野俊介,堀内贤雄,2
胜村政信,比嘉爱未,2
德井优,福田沙纪,2
草刈正雄,段田安则,2
D野俊介,保村真,2
D野俊介,保志总一朗,2
胜村政信,浅利阳介,2
D野俊介,荻原秀树,2
水野美纪,风吹淳,2
吹越满,羽田美智子,2
胜村政信,远藤宪一,2
阵内孝则,段田安则,2
小林隆,小日向文世,2
胜村政信,铃木浩介,2
吉田钢太郎,中田喜子,2
阵内孝则,岸部一德,2
吹越满,阿部宽,2
小林薰,安藤玉惠,2
铃村健一,荻原秀树,2
铃村健一,G本优子,2
铃村健一,草尾毅,2
铃村健一,茅原实里,2
久保田磨希,佐津川爱美,2
久保田磨希,内田有纪,2
久保田磨希,坂口宪二,2
草尾毅,保志总一朗,2
吉濑美智子,户田惠梨香,2
久保田磨希,坂本真,2
水川麻美,池田铁洋,2
新垣结衣,古馆宽治,2
铃村健一,保志总一朗,2
铃村健一,保村真,2
久保田磨希,森口博子,2
永冈佑,泷藤贤一,2
久保田磨希,浅野和之,2
久保田磨希,渡边真起子,2
吉田钢太郎,泷藤贤一,2
吉濑美智子,松田翔太,2
铃村健一,D野俊介,2
草尾毅,下山吉光,2
吉濑美智子,沟端淳平,2
铃村健一,堀内贤雄,2
水川麻美,岸部一德,2
樱井淳子,石黑贤,2
久保田磨希,中井贵一,2
草尾毅,保村真,2
水川麻美,阿部隆史,2
吉田钢太郎,柳乐优弥,2
小栗旬,泷藤贤一,2
小林薰,不破万作,2
草尾毅,堀内贤雄,2
小栗旬,松岛菜菜子,2
京田尚子,八奈见乘儿,2
水川麻美,玉木宏,2
草尾毅,D野俊介,2
吉田钢太郎,岛崎遥香,2
阿部宽,草笛光子,2
吉濑美智子,小林剑道,2
京田尚子,中岛千里,2
新垣结衣,小池荣子,2
樱井淳子,京野琴美,2
小栗旬,广末凉子,2
永山绚斗,三浦友和,2
阿部宽,石原里美,2
铃村健一,下山吉光,2
樱井淳子,宝生舞,2
樱井淳子,户田惠子,2
吉濑美智子,温水洋一,2
吉濑美智子,玉山铁二,2
久保田磨希,白本彩奈,2
吉田宗洋,猪V健太,2
铃村健一,森训久,2
铃村健一,植田佳奈,2
樱井由纪,风吹淳,2
阿部宽,吹越满,2
唐泽寿明,及川光博,2
阿部宽,不破万作,2
阿部宽,三浦理惠子,2
樱井翔,相叶雅纪,2
田边诚一,松本莉绪,2
D野俊介,长谷川步,2
小林薰,光石研,2
D野俊介,铃村健一,2
吉田钢太郎,吉冈里帆,2
铃村健一,竹本英史,2
D野俊介,远近孝一,2
茅原实里,落合弘治,2
D野俊介,远藤久美子,2
铃村健一,羽多野涉,2
D野俊介,谷山纪章,2
小林隆,高x淳子,2
吉田钢太郎,安藤樱,2
唐泽寿明,天海v希,2
铃村健一,宫田幸季,2
阿部宽,尾美利德,2
久保田磨希,织本顺吉,2
吉濑美智子,竹野内丰,2
铃村健一,岩村琴美,2
新垣结衣,冈田将生,2
吉田钢太郎,清野菜名,2
胜地凉,永山绚斗,2
铃村健一,川田绅司,2
新垣结衣,冈山一,2
久保田磨希,饭岛直子,2
铃村健一,本多阳子,2
阿部宽,V本高史,2
铃村健一,朴璐美,2
新垣结衣,儿玉清,2
小林薰,余贵美子,2
阿部宽,宫迫博之,2
水川麻美,小池彻平,2
水川麻美,小出惠介,2
铃村健一,桐井大介,2
阿部宽,大V宁宁,2
铃村健一,森田成一,2
茅原实里,谷山纪章,2
吹越满,井之原快彦,2
吹越满,原沙知绘,2
长V京三,北大路欣也,2
井ノ原快彦,名取裕子,2
水谷丰,仲间由纪惠,2
户田惠梨香,温水洋一,2
水谷丰,六角精儿,2
京野琴美,高桥由美子,2
京野琴美,马m英俚可,2
茅原实里,下山吉光,2
京野琴美,酒井美纪,2
京野琴美,石黑贤,2
小林薰,美保纯,2
井ノ原快彦,中越典子,2
吉田羊,森下能幸,2
小林薰,麻生v未,2
段田安则,内田有纪,2
户田惠梨香,松田翔太,2
志贺广太郎,阿部隆史,2
京野琴美,樱井淳子,2
京野琴美,柏原崇,2
户田惠梨香,小林剑道,2
吉田羊,永山绚斗,2
户田惠梨香,玉山铁二,2
茅原实里,保志总一朗,2
茂吕师冈,泷藤贤一,2
田口浩正,井之原快彦,2
长谷川步,岩村琴美,2
田口浩正,吹越满,2
比嘉爱未,椎名桔平,2
长谷川步,宫田幸季,2
田口浩正,名取裕子,2
武田铁矢,高冈早纪,2
田口浩正,原沙知绘,2
小林星兰,高桥一生,2
长谷川步,堀内贤雄,2
吉田羊,小日向文世,2
户田惠梨香,竹野内丰,2
长谷川步,D野俊介,2
茅原实里,保村真,2
长谷川步,保村真,2
长谷川步,保志总一朗,2
长谷川步,下山吉光,2
田口智朗,大杉涟,2
田口智朗,北香那,2
田口智朗,光石研,2
户田惠梨香,胜村政信,2
苍井优,大森南朋,2
段田安则,天海v希,2
吉田羊,江口德子,2
段田安则,铃木浩介,2
段田安则,草刈正雄,2
户田惠子,樱井淳子,2
户田惠子,松重丰,2
小林薰,谷村美月,2
长濑智也,马m英俚可,2
长V京三,靠诳赡献,2
长濑智也,酒井美纪,2
长V京三,水桥研二,2
段田安则,远藤宪一,2
水谷丰,浅利阳介,2
长V京三,室毅,2
水谷丰,杉本哲太,2
水谷丰,成宫宽贵,2
段田安则,阵内孝则,2
段田安则,高岛政伸,2
井之原快彦,津田宽治,2
京田尚子,高岛雅罗,2
户次重幸,藤木直人,2
井之原快彦,中越典子,2
长濑智也,柏原崇,2
井之原快彦,田口浩正,2
段田安则,竹中直人,2
段田安则,田中圭,2
户田惠子,石黑贤,2
段田安则,岸部一德,2
吉田羊,浅野和之,2
吉田羊,清野菜名,2
名取裕子,羽田美智子,2
比嘉爱未,儿玉清,2
户田惠梨香,儿玉清,2
名取裕子,田口浩正,2
苍井优,杉本哲太,2
名取裕子,津田治,2
段田安则,木村佳乃,2
井之原快彦,羽田美智子,2
小林剑道,吉濑美智子,2
户田惠子,高桥由美子,2
名取裕子,井ノ原快彦,2
小林剑道,户田惠梨香,2
小林剑道,沟端淳平,2
小林剑道,温水洋一,2
小林剑道,玉山铁二,2
小林剑道,竹野内丰,2
长谷川步,川田绅司,2
长谷川步,本多阳子,2
长山蓝子,野村真美,2
武内健,野岛裕史,2
长泽雅美,荣仓奈奈,2
茅原实里,朴璐美,2
小日向文世,吉田羊,2
武内健,茅原实里,2
武内健,荻原秀树,2
长山蓝子,山冈久乃,2
茅原实里,本多阳子,2
小日向文世,大杉涟,2
小日向文世,大泉洋,2
长山蓝子,前田吟,2
吉田羊,三浦友和,2
武内健,野田顺子,2
小日向文世,宫迫博之,2
小日向文世,小林隆,2
长山蓝子,中田喜子,2
小日向文世,役所广司,2
小日向文世,木村多江,2
小林聪美,真佐子,2
长V圭史,黑木华,2
小日向文世,松隆子,2
武内健,G本优子,2
小林薰,柴崎幸,2
长谷川步,朴璐美,2
武内健,森田成一,2
田村正和,伊藤俊人,2
折笠富美子,家弓家正,2
长山蓝子,藤田朋子,2
茅原实里,草尾毅,2
茅原实里,羽多野涉,2
井之原快彦,原沙知绘,2
水野美纪,大后寿寿花,2
武内健,桐井大介,2
水野美纪,北村一辉,2
吹越满,中越典子,2
水桥研二,长V京三,2
茅原实里,武内健,2
吹越满,东出昌大,2
小林薰,柄本佑,2
长泽雅美,大泉洋,2
京田尚子,江森浩子,2
田中泯,岸井雪乃,2
茅原实里,植田佳奈,2
茅原实里,森训久,2
长山蓝子,泉品子,2
小日向文世,|原善,2
吹石一惠,佐藤健,2
向井理,野际阳子,2
长谷川步,G本优子,2
长谷川步,谷山纪章,2
长谷川步,落合弘治,2
长谷川步,荻原秀树,2
长谷川步,草尾毅,2
长谷川步,茅原实里,2
吉田羊,坂口健太郎,2
田中泯,黑木华,2
吉田羊,大杉涟,2
长谷川步,羽多野涉,2
芦名星,杉本哲太,2
小日向文世,远藤宪一,2
吉田羊,大森南朋,2
茅原实里,堀内贤雄,2
长谷川步,植田佳奈,2
长谷川步,森训久,2
茅原实里,D野俊介,2
长谷川步,森田成一,2
武田铁矢,绫濑遥,2
长谷川步,桐井大介,2
长V京三,野村宏伸,2
吉田羊,草笛光子,2
长谷川步,远藤久美子,2
长谷川步,远近孝一,2
武田铁矢,桐谷健太,2
茅原实里,川田绅司,2
长濑智也,京野琴美,2
向井理,片冈鹤太郎,2
小日向文世,长泽雅美,2
茅原实里,岩村琴美,2
田口淳之介,里见浩太朗,2
田口淳之介,矢野圣人,2
田口淳之介,生濑胜久,2
二阶堂富美,臼田麻美,2
田口淳之介,新垣结衣,2
长V圭史,田中泯,2
武田铁矢,小出惠介,2
京田尚子,矢田耕司,2
田口淳之介,小池荣子,2
长谷川步,铃村健一,2
京田尚子,稻叶实,2
比嘉爱未,胜村政信,2
长谷川步,野田顺子,2
田中泯,长V圭史,2
吉田钢太郎,松坂桃李,2
白本彩奈,坂本真,2
樱井幸子,赤井英和,2
堀内贤雄,D野俊介,2
堀内贤雄,下山吉光,2
木村多江,小日向文世,2
家弓家正,藤田淑子,2
堀内贤雄,保志总一朗,2
堀内贤雄,保村真,2
中村友理,木下邦家,2
木村多江,谷原章介,2
织本顺吉,久保田磨希,2
堀内贤雄,宫田幸季,2
堀内贤雄,岩村琴美,2
堀内贤雄,川田绅司,2
堀内贤雄,本多阳子,2
堀内贤雄,朴璐美,2
家弓家正,折笠富美子,2
织本顺吉,中井贵一,2
织本顺吉,佐津川爱美,2
木村拓哉,八岛智人,2
织本顺吉,白本彩奈,2
木村佳乃,高桥一生,2
香川照之,笑福亭鹤瓶,2
森次晃嗣,黑部进,2
香川照之,高桥和也,2
织田裕二,千堂秋穗,2
织本顺吉,饭岛直子,2
织本顺吉,渡边真起子,2
织本顺吉,内田有纪,2
织本顺吉,浅野和之,2
织本顺吉,森口博子,2
香椎由宇,柄本佑,2
织本顺吉,坂本真,2
织本顺吉,坂口宪二,2
森本治行,广末凉子,2
堀内贤雄,桐井大介,2
堀内贤雄,森田成一,2
宫迫博之,高桥一生,2
堀内贤雄,长谷川步,2
木村拓哉,柴崎幸,2
堀内贤雄,野田顺子,2
高乃丽,岛田敏,2
森川智之,森田成一,2
堀内贤雄,铃村健一,2
森川智之,朴璐美,2
高乃丽,梁田清之,2
堀内贤雄,远近孝一,2
木村拓哉,深津绘里,2
木村拓哉,稻森泉,2
森川智之,D野俊介,2
堀北真希,大泉洋,2
木村拓哉,铃木京香,2
木村拓哉,阿部宽,2
木村拓哉,明石家秋刀鱼,2
堀内贤雄,远藤久美子,2
堀内贤雄,森训久,2
堀内贤雄,G本优子,2
堀内贤雄,植田佳奈,2
中村勘九郎,役所广司,2
马m英俚可,京野琴美,2
森川智之,野田顺子,2
马m英俚可,柏原崇,2
马m英俚可,酒井美纪,2
森川智之,落合弘治,2
堀内贤雄,谷山纪章,2
堀内贤雄,羽多野涉,2
堀内贤雄,茅原实里,2
堀内贤雄,草尾毅,2
堀内贤雄,荻原秀树,2
森川智之,羽多野涉,2
堀内贤雄,落合弘治,2
香川照之,石原里美,2
香川照之,石丸干二,2
相叶雅纪,樱井翔,2
中村狮童,片桐入,2
森训久,桐井大介,2
森训久,朴璐美,2
森训久,本多阳子,2
富泽美智惠,八奈见乘儿,2
森训久,川田绅司,2
森训久,岩村琴美,2
森训久,宫田幸季,2
森训久,植田佳奈,2
富泽美智惠,京田尚子,2
森训久,堀内贤雄,2
富泽美智惠,中岛千里,2
森训久,D野俊介,2
中村狮童,小泉今日子,2
森训久,保村真,2
森训久,森田成一,2
盐屋翼,千叶繁,2
木村佳乃,石田百合子,2
饭岛直子,白本彩奈,2
饭岛直子,坂口宪二,2
饭岛直子,坂本真,2
森训久,谷山纪章,2
饭岛直子,森口博子,2
饭岛直子,浅野和之,2
饭岛直子,渡边真起子,2
饭岛直子,织本顺吉,2
绪方贤一,盐屋翼,2
森训久,落合弘治,2
森训久,荻原秀树,2
森训久,草尾毅,2
森训久,茅原实里,2
森训久,羽多野涉,2
森训久,G本优子,2
森训久,保志总一朗,2
森训久,下山吉光,2
中村爱美,洼冢洋介,2
森田成一,堀内贤雄,2
木村佳乃,伊藤步,2
森田成一,本多阳子,2
香川照之,伊东四朗,2
森田成一,川田绅司,2
森田成一,岩村琴美,2
香川照之,及川光博,2
森田成一,保村真,2
盐屋翼,绪方贤一,2
森田成一,保志总一朗,2
木村佳乃,段田安则,2
木村佳乃,江角真纪子,2
香川照之,松岛菜菜子,2
香川照之,松隆子,2
森田成一,下山吉光,2
香川照之,中岛裕翔,2
森田成一,森川智之,2
森田成一,森训久,2
森田成一,植田佳奈,2
森田成一,武内健,2
香取慎吾,释由美子,2
森田成一,浪川大辅,2
森田成一,草尾毅,2
森田成一,谷山纪章,2
香取慎吾,水野美纪,2
森田成一,远藤久美子,2
森田成一,远近孝一,2
盐见三省,宫本信子,2
森田成一,野岛裕史,2
森田成一,铃村健一,2
森田成一,长谷川步,2
绪方贤一,千叶繁,2
纳谷六朗,江森浩子,2
森山未来,浅野和之,2
饭岛直子,佐津川爱美,2
本多阳子,森训久,2
森久保祥太郎,铃村健一,2
堂本刚,古尾谷雅人,2
本多阳子,桐井大介,2
高岛雅罗,矢田耕司,2
堂本刚,国仲凉子,2
本多阳子,森田成一,2
本多阳子,植田佳奈,2
中岛千里,矢田耕司,2
堂本刚,奥菜惠,2
高岛雅罗,稻叶实,2
森久保祥太郎,野岛裕史,2
森久保祥太郎,远近孝一,2
森久保祥太郎,远藤久美子,2
森久保祥太郎,谷山纪章,2
堂本刚,友坂理惠,2
本多阳子,朴璐美,2
本多阳子,G本优子,2
本多阳子,D野俊介,2
本多阳子,下山吉光,2
高岛雅罗,岛田敏,2
本多阳子,保志总一朗,2
本多阳子,保村真,2
堂本光一,小桥贤儿,2
中岛千里,高岛雅罗,2
本多阳子,堀内贤雄,2
森久保祥太郎,长谷川步,2
高岛雅罗,江森浩子,2
堂本刚,中山亚微梨,2
本多阳子,宫田幸季,2
本多阳子,岩村琴美,2
本多阳子,川田绅司,2
中岛千里,稻叶实,2
中岛千里,江森浩子,2
堂本刚,小桥贤儿,2
森山未来,尾上之,2
森久保祥太郎,植田佳奈,2
森久保祥太郎,浪川大辅,2
本木雅弘,片冈鹤太郎,2
本木雅弘,石原里美,2
森久保祥太郎,武内健,2
中岛千里,八奈见乘儿,2
真锅薰,原田泰造,2
森久保祥太郎,森训久,2
本木雅弘,松隆子,2
中岛千里,京田尚子,2
森久保祥太郎,森川智之,2
森久保祥太郎,本多阳子,2
森久保祥太郎,岩村琴美,2
高木涉,丰岛真千子,2
雅人,中原丈雄,2
森久保祥太郎,熊井统子,2
本木雅弘,原田泰造,2
本多阳子,羽多野涉,2
本多阳子,远藤久美子,2
本多阳子,茅原实里,2
本多阳子,草尾毅,2
本多阳子,荻原秀树,2
本多阳子,落合弘治,2
本多阳子,谷山纪章,2
森久保祥太郎,草尾毅,2
本多阳子,远近孝一,2
中岛千里,富泽美智惠,2
本多阳子,野田顺子,2
宫崎葵,寺岛忍,2
本多阳子,铃村健一,2
中岛千里,岛田敏,2
本多阳子,长谷川步,2
堂本刚,洼冢洋介,2
高岛雅罗,富泽美智惠,2
米仓凉子,仲村亨,2
米仓凉子,伊东四朗,2
森口博子,坂本真,2
宫田幸季,远藤久美子,2
森口博子,织本顺吉,2
森口博子,白本彩奈,2
森口博子,渡边真起子,2
森口博子,浅野和之,2
宫田幸季,谷山纪章,2
森口博子,坂口宪二,2
宫田幸季,远近孝一,2
森口博子,内田有纪,2
森口博子,佐津川爱美,2
森口博子,久保田磨希,2
森口博子,中井贵一,2
宫田幸季,落合弘治,2
宫田幸季,草尾毅,2
高冈早纪,麻生v未,2
森口博子,饭岛直子,2
高岛雅罗,八奈见乘儿,2
森口瑶子,鹤田真由,2
真岛秀和,高x淳子,2
堀北真希,西田敏行,2
宫迫博之,小日向文世,2
高冈早纪,伊藤步,2
宫迫博之,儿玉清,2
真木阳子,大森南朋,2
高冈早纪,柄本佑,2
宫田幸季,野岛裕史,2
高冈早纪,桐谷健太,2
高冈早纪,武田铁矢,2
真木阳子,杉本哲太,2
中川雅也,浅利阳介,2
宫田幸季,长谷川步,2
宫田幸季,铃村健一,2
宫田幸季,羽多野涉,2
真木阳子,臼田麻美,2
宫田幸季,武内健,2
米仓凉子,段田安则,2
宫泽理惠,田中泯,2
高岛政伸,赤井英和,2
宫泽理惠,前田敦子,2
米仓凉子,紫吹淳,2
米仓凉子,田中圭,2
米仓凉子,渡边一计,2
真田广之,泽口靖子,2
宫田幸季,植田佳奈,2
真田广之,津川雅彦,2
本⑽菸佳,三浦友和,2
高岛雅罗,中岛千里,2
宫本信子,盐见三省,2
高岛雅罗,京田尚子,2
真田广之,赤井英和,2
高岛政伸,泽口靖子,2
高岛政伸,段田安则,2
宫泽理惠,长V圭史,2
宫泽理惠,黑木华,2
中岛裕翔,宇|刚士,2
宫田幸季,下山吉光,2
宫田幸季,保志总一朗,2
宫田幸季,保村真,2
中岛裕翔,笑福亭鹤瓶,2
宫田幸季,D野俊介,2
宫田幸季,堀内贤雄,2
中岛裕翔,香川照之,2
宫田幸季,岩村琴美,2
宫田幸季,川田绅司,2
宫田幸季,本多阳子,2
宫田幸季,朴璐美,2
宫田幸季,森训久,2
饭岛直子,内田有纪,2
饭岛直子,久保田磨希,2
新垣结衣,成田凌,2
丰原功补,麻生久美子,2
青木伸辅,内藤刚志,2
丰岛真千子,山口胜平,2
美保纯,杉本哲太,2
美保纯,光石研,2
星野源,坂口健太郎,2
星野源,大森南朋,2
星野源,松冈茉优,2
丰岛真千子,池泽春菜,2
丰原功补,西田尚美,2
星野源,江口德子,2
丰原功补,绯田康人,2
星野源,浅野和之,2
置鲇龙太郎,金井美香,2
丰原功补,江口德子,2
丰岛真千子,江森浩子,2
丰岛真千子,沼田v介,2
置鲇龙太郎,绿川光,2
白本彩奈,饭岛直子,2
国仲凉子,松重丰,2
草尾毅,岩村琴美,2
白本彩奈,森口博子,2
白本彩奈,浅野和之,2
白本彩奈,渡边真起子,2
白本彩奈,织本顺吉,2
时任三郎,石田百合子,2
丰岛真千子,浦和惠,2
丰岛真千子,高木涉,2
丰岛真千子,飞田展男,2
丰岛真千子,石田彰,2
丰岛真千子,田中一成,2
美村里江,光石研,2
国村隼,神木隆之介,2
置鲇龙太郎,西村千奈美,2
丰原功补,布施绘里,2
中谷美纪,桐谷健太,2
中越典子,吹越满,2
寺岛进,三浦友和,2
坂井真纪,生濑胜久,2
绿川光,速水奖,2
绿川光,置鲇龙太郎,2
中越典子,津田治,2
中越典子,津田宽治,2
中越典子,原沙知绘,2
坂井真纪,津田宽治,2
中越典子,井之原快彦,2
中越典子,井ノ原快彦,2
中谷美纪,绫濑遥,2
绿川光,关智一,2
绿川光,关俊彦,2
中谷美纪,渡部笃郎,2
坂井真纪,满岛光,2
寺岛进,儿玉清,2
丰原功补,岩松了,2
田雄司,高桥和也,2
映美藏良,入山法子,2
丰原功补,光石研,2
寺胁康文,铃木杏树,2
置鲇龙太郎,池泽春菜,2
靠诳赡献,长V京三,2
靠诳赡献,北大路欣也,2
置鲇龙太郎,冈村明美,2
坂井真纪,森下爱子,2
置鲇龙太郎,关俊彦,2
寺岛进,胜村政信,2
寺岛进,竹内结子,2
寺岛进,椎名桔平,2
音尾琢真,高x淳子,2
寺岛进,加藤雅也,2
白本彩奈,坂口宪二,2
白本彩奈,内田有纪,2
白本彩奈,佐津川爱美,2
团时郎,佐原健二,2
樱井幸子,三浦友和,2
甲本雅裕,松重丰,2
阿部隆史,志贺广太郎,2
阿部隆史,森下爱子,2
肘井美佳,藤田玲,2
阿部隆史,水川麻美,2
阿部隆史,荒川良良,2
阿部隆史,V本高史,2
阿部隆史,药师丸博子,2
羽田美智子,津田宽治,2
阿部隆史,西田敏行,2
新木优子,凉,2
阿部隆史,高桥一生,2
团时郎,岸田森,2
新垣结衣,里见浩太朗,2
阿部隆史,北村一辉,2
白本彩奈,久保田磨希,2
唐泽寿明,香川照之,2
唐泽寿明,竹野内丰,2
新垣结衣,有冈大贵,2
唐泽寿明,西田尚美,2
新垣结衣,椎名桔平,2
新垣结衣,江守彻,2
樱井幸子,柏原收史,2
新垣结衣,生濑胜久,2
甲本雅裕,光石研,2
新垣结衣,田口淳之介,2
新垣结衣,矢野圣人,2
新垣结衣,神保悟志 ,2
阿部隆史,中村靖日,2
樱井幸子,大V宁宁,2
新垣结衣,胜村政信,2
羽田美智子,吹越满,2
小出惠介,麻生v未,2
羽田美智子,名取裕子,2
小出惠介,内野圣阳,2
羽多野涉,桐井大介,2
羽多野涉,本多阳子,2
羽多野涉,川田绅司,2
羽多野涉,岩村琴美,2
羽多野涉,宫田幸季,2
羽多野涉,堀内贤雄,2
小出惠介,伊武雅刀,2
羽田美智子,井之原快彦,2
羽多野涉,保村真,2
羽多野涉,保志总一朗,2
小出惠介,中谷美纪,2
羽多野涉,下山吉光,2
白本彩奈,中井贵一,2
丸山智己,中原丈雄,2
羽多野涉,森川智之,2
羽多野涉,森训久,2
羽多野涉,植田佳奈,2
小出惠介,武田铁矢,2
小出惠介,水川麻美,2
羽多野涉,浪川大辅,2
小出惠介,玉木宏,2
小出惠介,瑛太,2
羽多野涉,G本优子,2
羽多野涉,茅原实里,2
羽多野涉,草尾毅,2
羽多野涉,荻原秀树,2
羽多野涉,谷山纪章,2
羽多野涉,远藤久美子,2
羽多野涉,远近孝一,2
羽多野涉,铃村健一,2
羽多野涉,长谷川步,2
绿川光,三石琴乃,2
坂口健太郎,吉田羊,2
饭岛直子,中井贵一,2
坂本真,坂口宪二,2
绫濑遥,田中幸太朗,2
植田佳奈,朴璐美,2
植田佳奈,本多阳子,2
中村靖日,池田铁洋,2
坂本真,佐津川爱美,2
坂本真,内田有纪,2
植田佳奈,川田绅司,2
坂本真,中井贵一,2
植田佳奈,岩村琴美,2
中村靖日,岸部一德,2
植田佳奈,宫田幸季,2
中村靖日,小池彻平,2
飞田展男,江森浩子,2
飞田展男,池泽春菜,2
坂本真,久保田磨希,2
植田佳奈,桐井大介,2
飞田展男,浦和惠,2
植田佳奈,G本优子,2
盐屋浩三,冬马由美,2
植田佳奈,落合弘治,2
植田佳奈,荻原秀树,2
植田佳奈,草尾毅,2
植田佳奈,茅原实里,2
植田佳奈,羽多野涉,2
绫田俊树,不破万作,2
富泽美智惠,高岛雅罗,2
绫濑遥,麻生v未,2
中村靖日,高桥一生,2
中村靖日,阿部隆史,2
飞田展男,山口胜平,2
植田佳奈,森训久,2
植田佳奈,森田成一,2
飞田展男,沼田v介,2
中村靖日,夏木真理,2
坂口健太郎,大森南朋,2
木下邦家,中村友理,2
飞田展男,高木涉,2
盐屋浩三,泽木郁也,2
中村苍,生濑胜久,2
绫濑遥,内野圣阳,2
绫濑遥,中谷美纪,2
富泽美智惠,江森浩子,2
盐屋浩三,速水奖,2
木下亚由美,寺岛进,2
富泽美智惠,岛田敏,2
森训久,长谷川步,2
森训久,铃村健一,2
森训久,野田顺子,2
森训久,远近孝一,2
森训久,远藤久美子,2
富泽美智惠,矢田耕司,2
植田佳奈,下山吉光,2
绫濑遥,武田铁矢,2
坂本真,白本彩奈,2
坂本真,森口博子,2
坂本真,浅野和之,2
植田佳奈,堀内贤雄,2
飞田展男,田中一成,2
坂本真,渡边真起子,2
植田佳奈,D野俊介,2
中村靖日,佐佐木藏之介,2
富泽美智惠,稻叶实,2
坂本真,织本顺吉,2
飞田展男,石田彰,2
盐屋浩三,岸野一彦,2
植田佳奈,保村真,2
植田佳奈,保志总一朗,2
坂本真,饭岛直子,2
植田佳奈,谷山纪章,2
植田佳奈,远藤久美子,2
植田佳奈,远近孝一,2
绯田康人,丰原功补,2
坂口宪二,水川麻美,2
坂口宪二,浅野和之,2
坂口宪二,渡边真起子,2
坂口宪二,白本彩奈,2
坂口宪二,织本顺吉,2
绯田康人,光石研,2
坂口宪二,饭岛直子,2
绯田康人,岩松了,2
坂口宪二,高桥一生,2
风吹淳,樱井由纪,2
风吹淳,水野美纪,2
风吹淳,清野菜名,2
中田喜子,高桥洋,2
中田喜子,长山蓝子,2
坂口宪二,森口博子,2
绯田康人,布施绘里,2
植田佳奈,野田顺子,2
坂口健太郎,江口德子,2
绯田康人,麻生久美子,2
中谷美纪,小出惠介,2
中谷美纪,内野圣阳,2
皆口裕子,池泽春菜,2
坂口健太郎,星野源,2
坂口健太郎,松冈茉优,2
坂口健太郎,浅野和之,2
坂口宪二,坂本真,2
绯田康人,江口德子,2
坂口宪二,中井贵一,2
坂口宪二,中村靖日,2
坂口宪二,久保田磨希,2
坂口宪二,佐津川爱美,2
坂口宪二,北村一辉,2
中田喜子,野村真美,2
中田喜子,藤田朋子,2
绫野刚,矢部享佑,2
绫野刚,大森南朋,2
绫野刚,崎本大海,2
椎名桔平,杉本哲太,2
绫野刚,尾野真千子,2
椎名桔平,新垣结衣,2
椎名桔平,户田惠梨香,2
椎名桔平,寺岛进,2
绫野刚,坂口健太郎,2
中田喜子,泉品子,2
椎名桔平,凉,2
绫野刚,佐佐木麻衣,2
植田佳奈,长谷川步,2
绫田俊树,安藤玉惠,2
植田佳奈,铃村健一,2
飞田展男,丰岛真千子,2
椎名桔平,比嘉爱未,2
中田喜子,仲野太贺,2
椎名桔平,浅利阳介,2
中田喜子,前田吟,2
绫野刚,星野源,2
中田喜子,吉冈里帆,2
绫野刚,松冈茉优,2
中田喜子,吉田钢太郎,2
中田喜子,安藤樱,2
中田喜子,山冈久乃,2
中田喜子,岛崎遥香,2
椎名桔平,石田百合子,2
中田喜子,松坂桃李,2
绫野刚,江口德子,2
中田喜子,柳乐优弥,2
绫野刚,浅野和之,2
绫野刚,清野菜名,2
草尾毅,宫田幸季,2
田口浩正,津田宽治,2
永山绚斗,光石研,2
泽村一树,及川光博,2
远藤宪一,大杉涟,2
远藤宪一,大泉洋,2
八千草薰,尾野真千子,2
远藤宪一,寺岛进,2
远藤宪一,小林隆,2
远藤宪一,尾野真千子,2
八千草薰,奥田瑛二,2
八千草薰,加贺麻理子,2
远藤宪一,役所广司,2
八千草薰,三浦友和,2
远藤宪一,松重丰,2
远藤宪一,段田安则,2
远藤宪一,渡边一计,2
远藤宪一,田口智朗,2
满岛光,坂井真纪,2
温水洋一,竹野内丰,2
远藤宪一,吉田羊,2
八千草薰,松重丰,2
津川雅彦,八千草薰,2
远藤久美子,长谷川步,2
八奈见乘儿,中岛千里,2
温水洋一,光石研,2
温水洋一,吉濑美智子,2
温水洋一,小林剑道,2
温水洋一,户田惠梨香,2
津川雅彦,佐佐木藏之介,2
加贺麻理子,八千草薰,2
远藤宪一,光石研,2
八千草薰,津川雅彦,2
远藤宪一,内野圣阳,2
温水洋一,沟端淳平,2
温水洋一,玉山铁二,2
远藤宪一,北香那,2
远藤宪一,胜村政信,2
崎本大海,佐佐木麻衣,2
草尾毅,川田绅司,2
远藤宪一,铃木浩介,2
光石研,麻生久美子,2
山口胜平,浦和惠,2
山口胜平,沼田v介,2
山口胜平,池泽春菜,2
山口胜平,江森浩子,2
远近孝一,下山吉光,2
北大路欣也,伊武雅刀,2
远近孝一,保志总一朗,2
远近孝一,保村真,2
光石研,茂吕师冈,2
光石研,美村里江,2
光石研,美保纯,2
光石研,绯田康人,2
泽口靖子,高岛政伸,2
藤田淑子,江森浩子,2
山口胜平,田中一成,2
藤田淑子,纳谷六朗,2
满岛光,高桥一生,2
泽木郁也,盐屋浩三,2
崎本大海,希崎・杰西卡,2
远藤宪一,高桥一生,2
远藤宪一,高x淳子,2
崎本大海,绫野刚,2
满岛光,松田龙平,2
满岛光,森下爱子,2
藤田玲,肘井美佳,2
山口胜平,石田彰,2
满岛光,田中圭,2
山口胜平,高木涉,2
山口胜平,飞田展男,2
泽木郁也,岛田敏,2
满岛光,菊池亚希子,2
入山法子,映美藏良,2
远藤久美子,铃村健一,2
远藤久美子,野田顺子,2
八奈见乘儿,京田尚子,2
远藤久美子,远近孝一,2
津田宽治,生濑胜久,2
津田宽治,波,2
岸部一德,高桥一生,2
津田宽治,永山绚斗,2
山本圭,山本耕史,2
岸野一彦,冬马由美,2
渡边谦,原田芳雄,2
山本圭,大路惠美,2
岸野一彦,岛田敏,2
岸野一彦,盐屋浩三,2
八岛智人,福山雅治,2
八岛智人,清水章吾,2
津田宽治,`户美和公,2
津田宽治,坂井真纪,2
津田宽治,吹越满,2
津田宽治,田口浩正,2
岸部一德,阵内孝则,2
八木亚希子,松田龙平,2
岸部一德,段田安则,2
岸部一德,伊东四朗,2
岸部一德,北村一辉,2
洼冢洋介,中村爱美,2
西岛秀俊,井川遥,2
津田治,名取裕子,2
津田治,中越典子,2
岸部一德,水川麻美,2
山本圭,石田壹成,2
岸部一德,渡边一计,2
岸部一德,渡边真起子,2
岸部一德,田中圭,2
津田宽治,羽田美智子,2
山本圭,酒井法子,2
山本圭,福山雅治,2
津田宽治,原沙知绘,2
津田宽治,井之原快彦,2
八岛智人,儿玉清,2
津川雅彦,真田广之,2
远藤久美子,森田成一,2
远藤久美子,森训久,2
远藤久美子,植田佳奈,2
八奈见乘儿,富泽美智惠,2
远藤久美子,G本优子,2
远藤久美子,羽多野涉,2
远藤久美子,茅原实里,2
八奈见乘儿,岛田敏,2
远藤久美子,草尾毅,2
远藤久美子,荻原秀树,2
远藤久美子,落合弘治,2
加藤雅也,寺岛进,2
津川雅彦,玉山铁二,2
远藤久美子,谷山纪章,2
远藤久美子,桐井大介,2
远藤久美子,朴璐美,2
津田宽治,中越典子,2
远藤久美子,D野俊介,2
八奈见乘儿,高岛雅罗,2
八奈见乘儿,稻叶实,2
远藤久美子,下山吉光,2
八奈见乘儿,矢田耕司,2
远藤久美子,保志总一朗,2
远藤久美子,保村真,2
渡部笃郎,森口瑶子,2
远藤久美子,本多阳子,2
八奈见乘儿,江森浩子,2
远藤久美子,堀内贤雄,2
远藤久美子,宫田幸季,2
远藤久美子,岩村琴美,2
渡部笃郎,石田百合子,2
远藤久美子,川田绅司,2
远近孝一,D野俊介,2
光石研,甲本雅裕,2
川原和久,六角精儿,2
藤田富,武田玲奈,2
北村一辉,小池彻平,2
北村一辉,山下莉绪,2
北村一辉,岸部一德,2
保村真,植田佳奈,2
保村真,森训久,2
保村真,森田成一,2
保村真,桐井大介,2
保村真,朴璐美,2
保村真,本多阳子,2
北村一辉,木下邦家,2
保村真,川田绅司,2
保村真,岩村琴美,2
保村真,宫田幸季,2
北村一辉,水川麻美,2
北村一辉,水野美纪,2
北村一辉,夏木真理,2
保村真,G本优子,2
保村真,羽多野涉,2
保村真,野田顺子,2
速水奖,盐屋浩三,2
泷藤贤一,吉田钢太郎,2
速水奖,绿川光,2
泷藤贤一,三浦友和,2
保村真,长谷川步,2
保村真,铃村健一,2
保村真,远近孝一,2
保村真,茅原实里,2
保村真,远藤久美子,2
北村一辉,佐佐木藏之介,2
保村真,谷山纪章,2
保村真,落合弘治,2
保村真,荻原秀树,2
保村真,草尾毅,2
保村真,堀内贤雄,2
北村一辉,池田铁洋,2
保村真,D野俊介,2
保志总一朗,本多阳子,2
保志总一朗,森训久,2
保志总一朗,森田成一,2
保志总一朗,桐井大介,2
川田绅司,下山吉光,2
酒井法子,大路惠美,2
保志总一朗,朴璐美,2
酒井法子,山本圭,2
川田绅司,三宅健太,2
酒井法子,山本耕史,2
保志总一朗,川田绅司,2
保志总一朗,岩村琴美,2
保志总一朗,宫田幸季,2
酒井法子,石田壹成,2
酒井法子,福山雅治,2
保志总一朗,植田佳奈,2
保志总一朗,G本优子,2
北村一辉,滨田岳,2
北村一辉,鹤见辰吾,2
保村真,保志总一朗,2
保村真,下山吉光,2
北村一辉,阿部隆史,2
保志总一朗,长谷川步,2
保志总一朗,铃村健一,2
保志总一朗,野田顺子,2
保志总一朗,远近孝一,2
保志总一朗,羽多野涉,2
保志总一朗,远藤久美子,2
保志总一朗,谷山纪章,2
保志总一朗,落合弘治,2
保志总一朗,荻原秀树,2
保志总一朗,草尾毅,2
保志总一朗,茅原实里,2
泷藤贤一,室毅,2
滨田岳,鹤见辰吾,2
光石研,田口智朗,2
藤田朋子,中田喜子,2
光石研,布施绘里,2
光石研,市川实和子,2
远近孝一,森田成一,2
光石研,岩松了,2
远近孝一,森训久,2
远近孝一,植田佳奈,2
藤田淑子,折笠富美子,2
光石研,小田切让,2
北大路欣也,靠诳赡献,2
远近孝一,G本优子,2
远近孝一,羽多野涉,2
光石研,大杉涟,2
远近孝一,茅原实里,2
远近孝一,草尾毅,2
远近孝一,荻原秀树,2
光石研,平田`,2
远近孝一,桐井大介,2
川原和久,铃木杏树,2
光石研,江口德子,2
远近孝一,堀内贤雄,2
川原和久,反町隆史,2
光石研,温水洋一,2
远近孝一,宫田幸季,2
川原和久,杉本哲太,2
川原和久,浅利阳介,2
光石研,永山绚斗,2
远近孝一,朴璐美,2
泽口靖子,赤井英和,2
远近孝一,岩村琴美,2
远近孝一,川田绅司,2
光石研,森下能幸,2
光石研,柳原晴郎,2
远近孝一,本多阳子,2
远近孝一,落合弘治,2
光石研,吉田羊,2
光石研,北香那,2
藤田朋子,泉品子,2
儿玉清,宫迫博之,2
泷藤贤一,茂吕师冈,2
儿玉清,凉,2
儿玉清,八岛智人,2
藤田朋子,长山蓝子,2
藤田朋子,野村真美,2
滨田岳,山下莉绪,2
儿玉清,户田惠梨香,2
泷藤贤一,清野菜名,2
泷藤贤一,永冈佑,2
速水奖,岛田敏,2
藤田朋子,山冈久乃,2
滨田岳,松重丰,2
藤田朋子,前田吟,2
儿玉清,寺岛进,2
儿玉清,新垣结衣,2
远近孝一,谷山纪章,2
光石研,不破万作,2
远近孝一,远藤久美子,2
远近孝一,野田顺子,2
远近孝一,铃村健一,2
光石研,丰原功补,2
远近孝一,长谷川步,2
北大路欣也,稻森泉,2
山口胜平,丰岛真千子,2
儿玉清,比嘉爱未,2
北大路欣也,西田敏行,2
藤田淑子,家弓家正,2
北大路欣也,长V京三,2
藤田淑子,大林隆介,2
儿玉清,清水章吾,2
儿玉清,浅利阳介,2
洼冢洋介,妻夫木聪,2
西岛秀俊,志贺广太郎,2
岸部一德,中村靖日,2
谷山纪章,保村真,2
谷山纪章,森田成一,2
谷山纪章,森训久,2
谷山纪章,植田佳奈,2
内野圣阳,中谷美纪,2
浦和惠,高木涉,2
岛田敏,江森浩子,2
浦和惠,飞田展男,2
西田尚美,泉泽v希,2
谷山纪章,G本优子,2
谷山纪章,羽多野涉,2
谷山纪章,茅原实里,2
内藤刚志,青木伸辅,2
谷山纪章,草尾毅,2
谷山纪章,荻原秀树,2
谷山纪章,落合弘治,2
内野圣阳,吹石一惠,2
谷山纪章,桐井大介,2
内野圣阳,大泉洋,2
谷山纪章,宫田幸季,2
谷山纪章,D野俊介,2
冬马由美,岸野一彦,2
谷山纪章,堀内贤雄,2
岛田敏,岸野一彦,2
内野圣阳,桐谷健太,2
冬马由美,盐屋浩三,2
内野圣阳,松隆子,2
内野圣阳,小出惠介,2
谷山纪章,岩村琴美,2
谷山纪章,川田绅司,2
谷山纪章,本多阳子,2
谷山纪章,朴璐美,2
内野圣阳,山本耕史,2
内野圣阳,小林隆,2
岛田敏,泽木郁也,2
谷山纪章,远藤久美子,2
谷山纪章,远近孝一,2
西田尚美,丰原功补,2
清野菜名,仲野太贺,2
岛田敏,高岛雅罗,2
山田孝之,石垣佑磨,2
西田尚美,伊藤英明,2
西田尚美,伊藤步,2
谷村美月,高桥一生,2
浦和惠,山口胜平,2
凉,胜村政信,2
清野菜名,吉田羊,2
清野菜名,吉田钢太郎,2
清野菜名,室毅,2
内田有纪,饭岛直子,2
西村雅彦,鹿贺丈史,2
西村雅彦,铃木京香,2
山田孝之,绫濑遥,2
凉,椎名桔平,2
谷山纪章,野田顺子,2
岛田敏,稻叶实,2
内藤刚志,尾美利德,2
谷山纪章,铃村健一,2
谷山纪章,长谷川步,2
凉,儿玉清,2
浦和惠,石田彰,2
岛田敏,矢田耕司,2
浦和惠,田中一成,2
岛田敏,速水奖,2
凉,新木优子,2
内田理央,蕨野友也,2
内田理央,稻叶友,2
浦和惠,沼田v介,2
浦和惠,池泽春菜,2
浦和惠,江森浩子,2
冬马由美,岛田敏,2
谷山纪章,保志总一朗,2
浦和惠,丰岛真千子,2
内野圣阳,绫濑遥,2
冈田准一,V本高史,2
冈田准一,森下爱子,2
冈田准一,药师丸博子,2
冈本玲,室毅,2
冈田准一,阿部隆史,2
西田敏行,田中圭,2
岛崎遥香,中田喜子,2
岛崎遥香,仲野太贺,2
岛崎遥香,吉冈里帆,2
岛崎遥香,吉田钢太郎,2
岛崎遥香,安藤樱,2
岛崎遥香,松坂桃李,2
岛崎遥香,柳乐优弥,2
西田敏行,玉山铁二,2
岛崎遥香,高桥洋,2
西田敏行,草刈正雄,2
西田敏行,荒川良良,2
清原果耶,原田美枝子,2
冈村明美,置鲇龙太郎,2
冈村明美,池泽春菜,2
山西,杉本哲太,2
山西,六角精儿,2
山西,浅利阳介,2
要润,安田显,2
山西,铃木杏树,2
冈村明美,西村千奈美,2
冈田义德,稻森泉,2
冈村明美,三石琴乃,2
冈村明美,金井美香,2
冈田义德,大后寿寿花,2
西田敏行,高x淳子,2
西田敏行,阿部隆史,2
西田敏行,铃木浩介,2
冈田将生,中田喜子,2
冈田将生,仲野太贺,2
冈田将生,吉冈里帆,2
清水章吾,八岛智人,2
岛田敏,京田尚子,2
西田敏行,伊武雅刀,2
岛田敏,八奈见乘儿,2
岛田敏,冬马由美,2
内野圣阳,麻生v未,2
清水章吾,儿玉清,2
内野圣阳,远藤宪一,2
浪川大辅,D野俊介,2
西田尚美,黑木瞳,2
岛田敏,天野由梨,2
谷山纪章,下山吉光,2
内野圣阳,藤本隆宏,2
西田尚美,高x淳子,2
岛田敏,富泽美智惠,2
西田敏行,北大路欣也,2
岛田敏,中岛千里,2
冈田将生,吉田钢太郎,2
浪川大辅,森田成一,2
冈田将生,安藤樱,2
浪川大辅,野田顺子,2
冈田将生,岛崎遥香,2
浪川大辅,落合弘治,2
浪川大辅,羽多野涉,2
冈山一,神保悟志 ,2
浪川大辅,朴璐美,2
冈田将生,高桥洋,2
岛田久作,板谷由夏,2
西田敏行,大泉洋,2
西田敏行,大森南朋,2
西田敏行,堀北真希,2
谷原章介,木村多江,2
谷原章介,松雪泰子,2
山田孝之,杉本哲太,2
山田孝之,希崎・杰西卡,2
洼冢洋介,山下智久,2
岩村琴美,森训久,2
西村千奈美,置鲇龙太郎,2
岩松了,丰原功补,2
岩松了,光石研,2
岩松了,市川实和子,2
岩松了,松重丰,2
山本耕史,福山雅治,2
山本耕史,石田壹成,2
西村千奈美,池泽春菜,2
岩松了,江口德子,2
岩松了,绯田康人,2
山本耕史,江口洋介,2
关智一,绿川光,2
岩松了,麻生久美子,2
浅利阳介,胜村政信,2
浅利阳介,神保悟志 ,2
山本耕史,酒井法子,2
岩村琴美,长谷川步,2
岩村琴美,铃村健一,2
岩村琴美,草尾毅,2
前田吟,藤田朋子,2
前田吟,野村真美,2
前田吟,长山蓝子,2
岩村琴美,G本优子,2
岩村琴美,羽多野涉,2
岩村琴美,茅原实里,2
岩村琴美,荻原秀树,2
岩村琴美,野田顺子,2
岩村琴美,落合弘治,2
山本耕史,高x淳子,2
岩村琴美,谷山纪章,2
西村千奈美,金井美香,2
岩村琴美,远藤久美子,2
岩村琴美,远近孝一,2
浅利阳介,石坂浩二,2
浅利阳介,椎名桔平,2
山本耕史,山本圭,2
六角精儿,川原和久,2
渡边真起子,久保田磨希,2
渡边真起子,佐津川爱美,2
渡边真起子,内田有纪,2
渡边真起子,坂口宪二,2
渡边真起子,坂本真,2
渡边真起子,岸部一德,2
六角精儿,山西,2
关俊彦,三石琴乃,2
渡边真起子,森口博子,2
西岛秀俊,香川照之,2
渡边真起子,浅野和之,2
渡边真起子,白本彩奈,2
渡边真起子,织本顺吉,2
渡边真起子,饭岛直子,2
渡边真起子,中井贵一,2
岸本加世子,松重丰,2
浅利阳介,川原和久,2
前田敦子,桥爪功,2
浅利阳介,山西,2
浅利阳介,山中崇史,2
西村千奈美,冈村明美,2
山本耕史,大路惠美,2
浅利阳介,反町隆史,2
浅利阳介,儿玉清,2
西村千奈美,三石琴乃,2
洼田正孝,贺来贤人,2
山本耕史,内野圣阳,2
山本美月,稻森泉,2
关俊彦,置鲇龙太郎,2
关俊彦,绿川光,2
岸井雪乃,田中泯,2
山本美月,杉D花,2
岩村琴美,植田佳奈,2
岩村琴美,森田成一,2
内田有纪,织本顺吉,2
前田吟,泉品子,2
内田有纪,伊东四朗,2
内田有纪,久保田磨希,2
渡濑恒彦,中越典子,2
渡濑恒彦,井之原快彦,2
渡濑恒彦,原沙知绘,2
渡濑恒彦,吹越满,2
内田有纪,中井贵一,2
内田有纪,一色纱英,2
西村雅彦,伊藤俊人,2
渡濑恒彦,津田宽治,2
渡濑恒彦,田口浩正,2
渡濑恒彦,羽田美智子,2
浅野和之,饭岛直子,2
贺来贤人,洼田正孝,2
渡恒彦,中越典子,2
内田有纪,佐津川爱美,2
内田有纪,坂口宪二,2
内田有纪,坂本真,2
清野菜名,泷藤贤一,2
西村雅彦,草刈正雄,2
内田有纪,白本彩奈,2
清野菜名,松冈茉优,2
内田有纪,田中圭,2
西村雅彦,石黑贤,2
内田有纪,渡边真起子,2
内田有纪,段田安则,2
清野菜名,风吹淳,2
内田有纪,武田真治,2
内田有纪,森口博子,2
清野菜名,矢本悠马,2
内田有纪,松坂庆子,2
山田孝之,佐佐木麻衣,2
山田孝之,中村伦也,2
渡恒彦,名取裕子,2
浅野和之,织本顺吉,2
浅野和之,白本彩奈,2
岩村琴美,宫田幸季,2
浅野和之,久保田磨希,2
赤井英和,高岛政伸,2
浅野和之,中井贵一,2
岩村琴美,D野俊介,2
岩村琴美,堀内贤雄,2
前田吟,中田喜子,2
岩村琴美,川田绅司,2
岩村琴美,保村真,2
前田吟,山冈久乃,2
渡边一计,远藤宪一,2
渡边一计,释由美子,2
岩村琴美,本多阳子,2
岩村琴美,朴璐美,2
岩村琴美,桐井大介,2
浅野和之,佐津川爱美,2
岩村琴美,保志总一朗,2
浅野和之,渡边真起子,2
赤井英和,樱井幸子,2
浅野和之,江口德子,2
渡边一计,佐佐木藏之介,2
浅野和之,森山未来,2
浅野和之,森口博子,2
浅野和之,松冈茉优,2
浅野和之,星野源,2
渡边一计,岸部一德,2
浅野和之,吉田羊,2
浅野和之,大森南朋,2
赤井英和,泽口靖子,2
浅野和之,坂本真,2
浅野和之,坂口宪二,2
浅野和之,坂口健太郎,2
岩村琴美,下山吉光,2
川田绅司,保志总一朗,2
川田绅司,保村真,2
保志总一朗,堀内贤雄,2
生濑胜久,波,2
小田切让,佐藤浩市,2
小田切让,丰原功补,2
伊藤俊人,小林隆,2
广末凉子,森本治行,2
广末凉子,池胁千鹤,2
广末凉子,稻森泉,2
广末凉子,竹野内丰,2
伊武雅刀,高x淳子,2
铃木京香,西村雅彦,2
伊武雅刀,西田敏行,2
小泽真珠,德井优,2
江守彻,新垣结衣,2
铃木亮平,黑木华,2
荻原秀树,长谷川步,2
伊武雅刀,小出惠介,2
小田切让,余贵美子,2
小田切让,前野朋哉,2
伊藤俊人,西村雅彦,2
江森浩子,中岛千里,2
铃木京香,中原丈雄,2
江森浩子,京田尚子,2
生濑胜久,田口淳之介,2
广末凉子,伊藤步,2
铃木京香,佐藤浩市,2
江森浩子,丰岛真千子,2
生濑胜久,矢野圣人,2
古尾谷雅人,友坂理惠,2
小田切让,山中聪,2
小田切让,安藤玉惠,2
小田切让,奥菜惠,2
生濑胜久,里见浩太朗,2
古尾谷雅人,中山亚微梨,2
广末凉子,小栗旬,2
荻原秀树,铃村健一,2
荻原秀树,野岛裕史,2
荻原秀树,远近孝一,2
江口洋介,山本圭,2
荻原秀树,川田绅司,2
荻原秀树,岩村琴美,2
铃木兰兰,余贵美子,2
江口洋介,松岛菜菜子,2
田中一成,山口胜平,2
荻原秀树,堀内贤雄,2
荻原秀树,D野俊介,2
荻原秀树,朴璐美,2
江口洋介,小日向文世,2
江口洋介,大路惠美,2
荻原秀树,保村真,2
荻原秀树,保志总一朗,2
田中一成,江森浩子,2
荻原秀树,下山吉光,2
荻原秀树,本多阳子,2
江口洋介,片濑梨乃,2
荻原秀树,远藤久美子,2
荻原秀树,草尾毅,2
荻原秀树,谷山纪章,2
伊武雅刀,北大路欣也,2
田中一成,丰岛真千子,2
江口洋介,香川照之,2
铃木保奈美,唐泽寿明,2
荻原秀树,落合弘治,2
江口洋介,酒井法子,2
荻原秀树,森训久,2
荻原秀树,羽多野涉,2
江口洋介,石黑贤,2
江口洋介,石田壹成,2
铃木保奈美,江口洋介,2
荻原秀树,武内健,2
荻原秀树,植田佳奈,2
生濑胜久,津田宽治,2
江森浩子,八奈见乘儿,2
田中一成,沼田v介,2
生濑胜久,永山绚斗,2
瑛太,玉木宏,2
瑛太,真木阳子,2
菊池亚希子,松田龙平,2
伊藤沙莉,平山浩行,2
江森浩子,高木涉,2
江森浩子,高岛雅罗,2
江森浩子,飞田展男,2
伊藤步,高x淳子,2
伊藤步,高冈早纪,2
伊藤步,西田尚美,2
江森浩子,纳谷六朗,2
江森浩子,稻叶实,2
伊藤步,木村佳乃,2
江森浩子,石田彰,2
江森浩子,矢田耕司,2
江角真纪子,京野琴美,2
平田`,光石研,2
江角真纪子,宝生舞,2
伊藤英明,宫迫博之,2
及川光博,泽村一树,2
伊藤英明,西田尚美,2
瑛太,上野树里,2
伊藤英明,柄本佑,2
伊藤英明,木村佳乃,2
及川光博,香川照之,2
伊藤英明,佐藤隆太,2
江角真纪子,户田惠子,2
友坂理惠,中山亚微梨,2
瑛太,小出惠介,2
友坂理惠,古尾谷雅人,2
江角真纪子,石黑贤,2
江角真纪子,樱井淳子,2
江角真纪子,木村佳乃,2
伊藤步,广末凉子,2
反町隆史,仲间由纪惠,2
江森浩子,田中一成,2
小田切让,绯田康人,2
反町隆史,神保悟志 ,2
江森浩子,岛田敏,2
生濑胜久,`户美和公,2
小田切让,藤原龙也,2
江森浩子,山口胜平,2
小田切让,胜地凉,2
反町隆史,铃木杏树,2
反町隆史,浅利阳介,2
生濑胜久,小池荣子,2
生濑胜久,小野武彦,2
江森浩子,富泽美智惠,2
生濑胜久,新垣结衣,2
小田切让,江口德子,2
小田切让,永山绚斗,2
生濑胜久,坂井真纪,2
反町隆史,江角真纪子,2
反町隆史,北原雅树,2
反町隆史,山中崇史,2
生濑胜久,中村苍,2
反町隆史,天海v希,2
江森浩子,浦和惠,2
菅野美穗,石原里美,2
江森浩子,沼田v介,2
江森浩子,池泽春菜,2
反町隆史,山西,2
反町隆史,松岛菜菜子,2
反町隆史,川原和久,2
钉宫理惠,矢尾一树,2
钉宫理惠,石田彰,2
菅野美穗,松隆子,2
反町隆史,木村佳乃,2
反町隆史,杉本哲太,2
田中一成,池泽春菜,2
古田新太,野间口彻,2
玉置浩二,大地真央,2
荒川良良,永山绚斗,2
吉冈里帆,吉田钢太郎,2
吉冈里帆,安藤樱,2
吉冈里帆,岛崎遥香,2
吉冈里帆,松坂桃李,2
吉冈里帆,柳乐优弥,2
小池彻平,高桥一生,2
吉冈里帆,高桥洋,2
小池彻平,水川麻美,2
田中圭,内田有纪,2
田中圭,千叶雄大,2
田中圭,吉田钢太郎,2
田中圭,岸部一德,2
田中圭,段田安则,2
小池彻平,北村一辉,2
永山绚斗,荒川良良,2
吉冈里帆,仲野太贺,2
吉冈里帆,中田喜子,2
小池荣子,新垣结衣,2
仲野太贺,中田喜子,2
仲野太贺,清野菜名,2
仲野太贺,岛崎遥香,2
仲野太贺,安藤樱,2
仲野太贺,吉田钢太郎,2
仲野太贺,吉冈里帆,2
荒川良良,桥本爱,2
荒川良良,杉本哲太,2
小池荣子,生濑胜久,2
小池荣子,里见浩太朗,2
役所广司,小日向文世,2
荒川良良,尾美利德,2
荒川良良,小泉今日子,2
小池荣子,矢野圣人,2
小池荣子,田口淳之介,2
永山绚斗,胜地凉,2
草笛光子,尾美利德,2
小池彻平,中村靖日,2
永山绚斗,小田切让,2
草尾毅,落合弘治,2
草尾毅,荻原秀树,2
草尾毅,茅原实里,2
永山绚斗,川荣李奈,2
草尾毅,羽多野涉,2
草尾毅,G本优子,2
永山绚斗,`户美和公,2
仓科加奈,尾野真千子,2
草尾毅,植田佳奈,2
草尾毅,森训久,2
草尾毅,森田成一,2
草尾毅,桐井大介,2
草尾毅,朴璐美,2
草尾毅,本多阳子,2
草尾毅,谷山纪章,2
小桥贤儿,堂本光一,2
草笛光子,V本高史,2
草笛光子,不破万作,2
草笛光子,吉田羊,2
永山绚斗,生濑胜久,2
永山绚斗,津田宽治,2
田中圭,西田敏行,2
永山绚斗,波,2
田中圭,铃木浩介,2
草笛光子,三浦理惠子,2
草尾毅,远藤久美子,2
草尾毅,长谷川步,2
草尾毅,铃村健一,2
铃木砂羽,铃木杏树,2
永山绚斗,松重丰,2
草尾毅,野田顺子,2
草尾毅,远近孝一,2
役所广司,中村勘九郎,2
荒川良良,泷正则,2
药师丸博子,阿部隆史,2
仲野太贺,高桥洋,2
江口德子,丰原功补,2
小泉今日子,织本顺吉,2
药师丸博子,尾美利德,2
田中一成,飞田展男,2
小泉今日子,白本彩奈,2
田中一成,高木涉,2
药师丸博子,V本高史,2
小泉今日子,片桐入,2
小泉今日子,满岛真之介,2
小泉今日子,渡边真起子,2
伊东美D,天海v希,2
小泉今日子,浅野和之,2
铃木杏树,反町隆史,2
小泉今日子,泷正则,2
铃木杏树,寺胁康文,2
江口德子,光石研,2
江口德子,吉田羊,2
江口德子,坂口健太郎,2
江口德子,绯田康人,2
田中一成,浦和惠,2
江口洋介,伊藤英明,2
药师丸博子,荒川良良,2
江口德子,麻生久美子,2
田中一成,石田彰,2
小泉今日子,饭岛直子,2
江口德子,浅野和之,2
江口德子,大森南朋,2
药师丸博子,森下爱子,2
江口德子,松冈茉优,2
江口德子,星野源,2
江口德子,布施绘里,2
江口德子,岩松了,2
小泉今日子,荒川良良,2
铃木杏树,山中崇史,2
江原由希子,安田显,2
铃木杏树,山西,2
铃木浩介,田中圭,2
小泉今日子,坂口宪二,2
小泉今日子,内田有纪,2
铃木浩介,段田安则,2
荒川良良,西田敏行,2
小泉今日子,佐津川爱美,2
荒川良良,药师丸博子,2
铃木浩介,胜村政信,2
小泉今日子,V本高史,2
小泉今日子,久保田磨希,2
仲间由纪惠,反町隆史,2
铃木浩介,西田敏行,2
铃木浩介,远藤宪一,2
小泉今日子,中村狮童,2
小泉今日子,中井贵一,2
小泉今日子,坂本真,2
小泉今日子,大竹忍,2
铃木杏树,川原和久,2
小泉今日子,桥本爱,2
伊东四朗,高桥和也,2
伊东四朗,香川照之,2
荣仓奈奈,长泽雅美,2
小泉今日子,森口博子,2
小泉今日子,森下爱子,2
伊东四朗,胜村政信,2
铃木杏树,神保悟志 ,2
伊东四朗,内田有纪,2
铃木杏树,铃木砂羽,2
小泉今日子,松田龙平,2
古馆宽治,川荣李奈,2
小泉今日子,杉本哲太,2
伊东四朗,岸部一德,2
小泉今日子,尾美利德,2
平泉成,片桐入,2
池泽春菜,三石琴乃,2
保志总一朗,D野俊介,2
山中崇史,铃木杏树,2
沼田v介,高木涉,2
佐藤浩市,小田切让,2
野岛裕史,桐井大介,2
沼田v介,飞田展男,2
野岛裕史,森田成一,2
佐藤浩市,雅人,2
野岛裕史,武内健,2
佐藤浩市,佐藤隆太,2
野岛裕史,G本优子,2
野岛裕史,茅原实里,2
野岛裕史,荻原秀树,2
野岛裕史,野田顺子,2
沼田v介,石田彰,2
市原隼人,绫濑遥,2
山下智久,长泽雅美,2
野岛裕史,宫田幸季,2
泉品子,东照美,2
泉品子,中田喜子,2
千叶繁,盐屋翼,2
山中崇史,浅利阳介,2
山中崇史,杉本哲太,2
山中崇史,反町隆史,2
泉品子,长山蓝子,2
泉品子,野村真美,2
泉品子,藤田朋子,2
千叶繁,绪方贤一,2
佐藤浩市,江口洋介,2
山下莉绪,鹤见辰吾,2
佐藤浩市,铃木京香,2
泉品子,山冈久乃,2
佐藤浩市,c原圣人,2
泉品子,前田吟,2
山下莉绪,滨田岳,2
山下智久,胜村政信,2
沼田v介,田中一成,2
市川实和子,光石研,2
野村真美,长山蓝子,2
藤冈琢也,中田喜子,2
野村真美,中田喜子,2
野村真美,前田吟,2
野村真美,山冈久乃,2
野村真美,泉品子,2
野村真美,藤田朋子,2
佐藤健,麻生v未,2
藤冈琢也,前田吟,2
尾野真千子,麻生v未,2
片桐入,中村狮童,2
尾野真千子,酒井若菜,2
尾野真千子,远藤宪一,2
佐藤健,桐谷健太,2
佐藤健,杉本哲太,2
沼田v介,丰岛真千子,2
野村宏伸,长V京三,2
山下智久,洼冢洋介,2
山下智久,妻夫木聪,2
沼田v介,浦和惠,2
山下智久,椎名桔平,2
沼田v介,池泽春菜,2
市川实和子,岩松了,2
沼田v介,江森浩子,2
藤冈靛,风吹淳,2
山下智久,儿玉清,2
藤冈琢也,山冈久乃,2
沼田v介,山口胜平,2
片冈鹤太郎,向井理,2
藤冈琢也,长山蓝子,2
藤冈琢也,野村真美,2
藤冈琢也,藤田朋子,2
藤冈琢也,泉品子,2
泉泽v希,西田尚美,2
佐藤隆太,佐藤浩市,2
片桐入,大地真央,2
山冈久乃,中田喜子,2
川田绅司,森训久,2
川田绅司,植田佳奈,2
酒井若菜,森下爱子,2
余贵美子,小田切让,2
泷正则,片桐入,2
川田绅司,熊井统子,2
泷正则,桥本爱,2
泷正则,杉本哲太,2
泷正则,杉D花,2
泷正则,川荣李奈,2
川田绅司,G本优子,2
泷正则,小泉今日子,2
川田绅司,羽多野涉,2
川田绅司,茅原实里,2
川田绅司,草尾毅,2
川田绅司,森田成一,2
酒井若菜,V本高史,2
泷正则,荒川良良,2
川田绅司,宫田幸季,2
保志总一朗,保村真,2
熊井统子,川田绅司,2
川田绅司,D野俊介,2
保志总一朗,下山吉光,2
川田绅司,堀内贤雄,2
酒井美纪,京野琴美,2
余贵美子,铃木兰兰,2
余贵美子,松重丰,2
酒井美纪,柏原崇,2
川田绅司,岩村琴美,2
川田绅司,本多阳子,2
川田绅司,朴璐美,2
酒井美纪,马m英俚可,2
川田绅司,桐井大介,2
川田绅司,荻原秀树,2
川田绅司,落合弘治,2
川田绅司,谷山纪章,2
藤木直人,户次重幸,2
里见浩太朗,田口淳之介,2
波,津田宽治,2
里见浩太朗,矢野圣人,2
佐藤隆太,高桥一生,2
波,永山绚斗,2
藤木直人,松岛菜菜子,2
波,`户美和公,2
川荣李奈,泷正则,2
藤木直人,安田显,2
山冈久乃,长山蓝子,2
山冈久乃,野村真美,2
山冈久乃,藤田朋子,2
山冈久乃,泉品子,2
山冈久乃,前田吟,2
里见浩太朗,生濑胜久,2
川荣李奈,永山绚斗,2
川田绅司,远藤久美子,2
北香那,光石研,2
川田绅司,远近孝一,2
藤本隆宏,内野圣阳,2
川田绅司,野田顺子,2
释由美子,渡边一计,2
川田绅司,铃村健一,2
川田绅司,长谷川步,2
北香那,大杉涟,2
波,生濑胜久,2
川荣李奈,古馆宽治,2
北香那,松重丰,2
北香那,田口智朗,2
里见浩太朗,小池荣子,2
川荣李奈,杉D花,2
里见浩太朗,新垣结衣,2
半海一晃,尾美利德,2
佐藤健,吹石一惠,2
池泽春菜,丰岛真千子,2
佐佐木藏之介,高桥一生,2
金井美香,三石琴乃,2
落合弘治,谷山纪章,2
猫背椿,V本高史,2
落合弘治,荻原秀树,2
落合弘治,草尾毅,2
金井美香,冈村明美,2
落合弘治,茅原实里,2
落合弘治,G本优子,2
落合弘治,浪川大辅,2
猫背椿,森下爱子,2
落合弘治,植田佳奈,2
落合弘治,森训久,2
落合弘治,森川智之,2
落合弘治,桐井大介,2
落合弘治,本多阳子,2
落合弘治,远藤久美子,2
落合弘治,远近孝一,2
落合弘治,铃村健一,2
池田铁洋,北村一辉,2
池田铁洋,水川麻美,2
佐佐木藏之介,玉山铁二,2
佐佐木藏之介,渡边一计,2
佐佐木藏之介,津川雅彦,2
野际阳子,向井理,2
佐佐木藏之介,水川麻美,2
野际阳子,常盘贵子,2
平山浩行,伊藤沙莉,2
池田铁洋,中村靖日,2
佐佐木藏之介,北村一辉,2
佐佐木藏之介,中村靖日,2
猪V健太,吉田宗洋,2
原田泰造,真锅薰,2
落合弘治,长谷川步,2
金井美香,池泽春菜,2
落合弘治,川田绅司,2
落合弘治,岩村琴美,2
池泽春菜,浦和惠,2
小野武彦,生濑胜久,2
玉山铁二,西田敏行,2
池泽春菜,置鲇龙太郎,2
池泽春菜,石田彰,2
池泽春菜,皆口裕子,2
池泽春菜,田中一成,2
池泽春菜,沼田v介,2
池泽春菜,西村千奈美,2
池泽春菜,江森浩子,2
玉木宏,小出惠介,2
玉木宏,水川麻美,2
池泽春菜,山口胜平,2
玉木宏,瑛太,2
池泽春菜,冈村明美,2
玉山铁二,竹野内丰,2
玉山铁二,温水洋一,2
落合弘治,宫田幸季,2
玉山铁二,佐佐木藏之介,2
落合弘治,堀内贤雄,2
金井美香,置鲇龙太郎,2
金井美香,西村千奈美,2
落合弘治,保村真,2
落合弘治,保志总一朗,2
落合弘治,下山吉光,2
玉山铁二,吉濑美智子,2
池泽春菜,金井美香,2
池泽春菜,高木涉,2
玉山铁二,小林剑道,2
池泽春菜,飞田展男,2
玉山铁二,户田惠梨香,2
玉山铁二,沟端淳平,2
玉山铁二,津川雅彦,2
野间口彻,远藤宪一,2
池田铁洋,高桥一生,2
片桐入,小泉今日子,2
佐佐木麻衣,崎本大海,2
尾美利德,森下爱子,2
片濑梨乃,江口洋介,2
野田顺子,堀内贤雄,2
尾美利德,小泉今日子,2
野田顺子,岩村琴美,2
野田顺子,川田绅司,2
野田顺子,本多阳子,2
沟端淳平,竹野内丰,2
沟端淳平,玉山铁二,2
野田顺子,森川智之,2
野田顺子,森训久,2
野田顺子,植田佳奈,2
沟端淳平,温水洋一,2
野田顺子,武内健,2
尾美利德,半海一晃,2
野田顺子,保村真,2
野田顺子,保志总一朗,2
野田顺子,下山吉光,2
尾野真千子,仓科加奈,2
片桐入,平泉成,2
片桐入,松田龙平,2
片桐入,泷正则,2
尾野真千子,八千草薰,2
布施绘里,丰原功补,2
布施绘里,光石研,2
布施绘里,江口德子,2
希崎・杰西卡,矢部享佑,2
布施绘里,绯田康人,2
布施绘里,麻生久美子,2
尾美利德,药师丸博子,2
尾美利德,荒川良良,2
希崎・杰西卡,崎本大海,2
尾美利德,草笛光子,2
野田顺子,浪川大辅,2
沟端淳平,户田惠梨香,2
尾美利德,内藤刚志,2
原沙知绘,井之原快彦,2
野田顺子,远藤久美子,2
野田顺子,远近孝一,2
野田顺子,野岛裕史,2
野田顺子,铃村健一,2
野田顺子,长谷川步,2
原沙知绘,中越典子,2
原沙知绘,吹越满,2
佐津川爱美,中井贵一,2
原沙知绘,津田宽治,2
原沙知绘,田口浩正,2
野间口彻,古田新太,2
池胁千鹤,广末凉子,2
佐佐木麻衣,绫野刚,2
佐佐木麻衣,矢部享佑,2
野田顺子,谷山纪章,2
常盘贵子,麻生v未,2
蕨野友也,内田理央,2
佐津川爱美,浅野和之,2
沟端淳平,小林剑道,2
佐津川爱美,饭岛直子,2
佐津川爱美,织本顺吉,2
佐津川爱美,白本彩奈,2
尾美利德,不破万作,2
佐津川爱美,渡边真起子,2
尾美利德,三浦理惠子,2
佐津川爱美,久保田磨希,2
佐津川爱美,森口博子,2
沟端淳平,吉濑美智子,2
野田顺子,草尾毅,2
佐津川爱美,坂本真,2
佐津川爱美,坂口宪二,2
佐津川爱美,内田有纪,2
森久保祥太郎,堀内贤雄,2
山西,反町隆史,2
杉本哲太,荒川良良,2
安藤玉惠,小田切让,2
柄本佑,高冈早纪,2
黑木华,吉田羊,2
高桥一生,宫迫博之,2
柄本佑,香椎由宇,2
福山雅治,八岛智人,2
福山雅治,儿玉清,2
高桥一生,小林星兰,2
神保悟志 ,冈山一,2
高桥一生,小林薰,2
松隆子,香川照之,2
麻生v未,小林薰,2
高桥一生,小池彻平,2
松田翔太,吉濑美智子,2
黑木华,小日向文世,2
松隆子,高桥一生,2
麻生v未,小出惠介,2
安藤玉惠,松重丰,2
石黑贤,京野琴美,2
高x淳子,音尾琢真,2
柄本佑,石黑贤,2
大后寿寿花,冈田义德,2
麻生v未,常盘贵子,2
石田彰,江森浩子,2
桐谷健太,麻生v未,2
松隆子,菅野美穗,2
桐谷健太,高冈早纪,2
神木隆之介,有村架纯,2
大野智,樱井翔,2
V本高史,三浦理惠子,2
V本高史,不破万作,2
大后寿寿花,水野美纪,2
福山雅治,广末凉子,2
石田彰,沼田v介,2
三浦友和,泷藤贤一,2
鹤见辰吾,滨田岳,2
福山雅治,山本耕史,2
大野智,相叶雅纪,2
福山雅治,山本圭,2
奥贯`,麻生v未,2
高桥一生,夏木真理,2
大后寿寿花,柴崎幸,2
高桥洋,中田喜子,2
高桥一生,大V宁宁,2
竹野内丰,野际阳子,2
石田彰,池泽春菜,2
柳乐优弥,高桥洋,2
麻生v未,奥贯`,2
|原善,小日向文世,2
高桥一生,岸部一德,2
安藤玉惠,绫田俊树,2
G本优子,长谷川步,2
V本高史,酒井若菜,2
松雪泰子,谷原章介,2
天海v希,反町隆史,2
桐谷健太,武田铁矢,2
V本高史,阿部隆史,2
G本优子,铃村健一,2
`户美和公,生濑胜久,2
天海v希,吉濑美智子,2
桐谷健太,柄本佑,2
`户美和公,津田宽治,2
G本优子,野岛裕史,2
三宅健太,川田绅司,2
松岛菜菜子,香川照之,2
`户美和公,波,2
高桥一生,池田铁洋,2
G本优子,远近孝一,2
天海v希,小林剑道,2
G本优子,远藤久美子,2
`户美和公,永山绚斗,2
G本优子,谷山纪章,2
大泉洋,小林隆,2
桥爪功,前田敦子,2
大泉洋,小日向文世,2
柄本佑,松重丰,2
高x淳子,远藤宪一,2
V本高史,猫背椿,2
高x淳子,西田敏行,2
大泉洋,内野圣阳,2
高x淳子,西田尚美,2
柄本佑,桐谷健太,2
妻夫木聪,山下智久,2
大泉洋,堀北真希,2
高x淳子,草刈正雄,2
石黑贤,宝生舞,2
矢田耕司,岛田敏,2
柳原晴郎,光石研,2
V本高史,草笛光子,2
天海v希,伊东美D,2
妻夫木聪,洼冢洋介,2
高桥一生,木村佳乃,2
杉本哲太,东出昌大,2
V本高史,药师丸博子,2
石田彰,山口胜平,2
高x淳子,真岛秀和,2
安藤樱,高桥洋,2
大后寿寿花,神木隆之介,2
G本优子,落合弘治,2
鹤见辰吾,山下莉绪,2
森下爱子,尾美利德,2
三石琴乃,关俊彦,2
竹野内丰,沟端淳平,2
大路惠美,山本圭,2
三浦友和,本⑽菸佳,2
大路惠美,山本耕史,2
森下爱子,坂井真纪,2
柳乐优弥,安藤樱,2
松田龙平,大森南朋,2
夏川结衣,龙雷太,2
矢尾一树,石田彰,2
竹野内丰,温水洋一,2
大路惠美,石田壹成,2
大路惠美,福山雅治,2
不破万作,松重丰,2
大路惠美,酒井法子,2
福山雅治,酒井法子,2
麻生v未,桐谷健太,2
大竹忍,小泉今日子,2
龙雷太,夏川结衣,2
雅人,里见浩太朗,2
竹野内丰,段田安则,2
桥本爱,泷正则,2
高桥洋,仲野太贺,2
杉D花,泷正则,2
松坂桃李,高桥洋,2
杉D花,山本美月,2
杉D花,川荣李奈,2
大谷育江,高木涉,2
雅人,生濑胜久,2
竹野内丰,户田惠梨香,2
雅人,田口淳之介,2
柳乐优弥,吉冈里帆,2
竹野内丰,木村佳乃,2
柳乐优弥,吉田钢太郎,2
桥本爱,杉本哲太,2
雅人,矢野圣人,2
石田彰,田中一成,2
大森南朋,江口德子,2
竹野内丰,松岛菜菜子,2
矢野圣人,新垣结衣,2
大森南朋,浅野和之,2
神保悟志 ,铃木杏树,2
三石琴乃,冈村明美,2
松重丰,高桥克实,2
松田龙平,小泉今日子,2
松隆子,内野圣阳,2
大森南朋,真木阳子,2
桥本爱,荒川良良,2
松田龙平,八木亚希子,2
高桥洋,吉田钢太郎,2
石田彰,浦和惠,2
神保悟志 ,杉本哲太,2
高桥洋,吉冈里帆,2
不破万作,光石研,2
安藤樱,中田喜子,2
三浦友和,樱井幸子,2
安藤樱,仲野太贺,2
三浦友和,永山绚斗,2
高桥一生,佐藤隆太,2
安藤樱,吉冈里帆,2
稻森泉,高桥克典,2
安藤樱,吉田钢太郎,2
矢田耕司,江森浩子,2
安藤樱,岛崎遥香,2
矢野圣人,里见浩太朗,2
不破万作,三浦理惠子,2
安藤樱,松坂桃李,2
松隆子,满岛光,2
安藤樱,柳乐优弥,2
雅人,黑木华,2
高桥一生,佐佐木藏之介,2
高桥洋,安藤樱,2
高桥洋,岛崎遥香,2
不破万作,尾美利德,2
竹野内丰,玉山铁二,2
福山雅治,石田壹成,2
大森南朋,苍井优,2
大森南朋,西田敏行,2
神保悟志 ,浅利阳介,2
高桥一生,中村靖日,2
松隆子,小日向文世,2
松隆子,小林隆,2
矢野圣人,生濑胜久,2
福山雅治,渡边一计,2
柳乐优弥,岛崎遥香,2
竹野内丰,稻森泉,2
矢野圣人,田口淳之介,2
不破万作,小田切让,2
稻森泉,竹野内丰,2
神木隆之介,国村隼,2
不破万作,V本高史,2
高桥洋,柳乐优弥,2
高桥洋,松坂桃李,2
神木隆之介,大后寿寿花,2
杉本哲太,反町隆史,2
杉本哲太,吹越满,2
矢田耕司,稻叶实,2
室毅,长V京三,2
桐井大介,岩村琴美,2
麻生久美子,岩松了,2
桐井大介,川田绅司,2
宇|刚士,中岛裕翔,2
中井贵一,久保田磨希,2
桐井大介,铃村健一,2
中井贵一,佐津川爱美,2
中井贵一,内田有纪,2
下山吉光,堀内贤雄,2
中井贵一,坂口宪二,2
桐井大介,野岛裕史,2
中井贵一,坂本真,2
高桥克实,松重丰,2
下山吉光,D野俊介,2
桐井大介,本多阳子,2
桐井大介,远近孝一,2
中原丈雄,小林隆,2
室毅,宅麻伸,2
桐井大介,朴璐美,2
大杉涟,松重丰,2
室毅,安田显,2
高桥克典,稻森泉,2
桐井大介,长谷川步,2
杉本哲太,石坂浩二,2
矢田耕司,中岛千里,2
麻生久美子,江口德子,2
竹内凉真,稻叶友,2
室毅,冈本玲,2
下山吉光,本多阳子,2
杉本哲太,神保悟志 ,2
桐井大介,D野俊介,2
柴崎幸,伊藤步,2
上野树里,玉木宏,2
矢田耕司,京田尚子,2
桐井大介,堀内贤雄,2
G本优子,保村真,2
G本优子,保志总一朗,2
杉本哲太,美保纯,2
下山吉光,川田绅司,2
杉本哲太,胜村政信,2
三浦诚己,新井浩文,2
麻生久美子,布施绘里,2
下山吉光,岩村琴美,2
杉本哲太,芦名星,2
G本优子,下山吉光,2
下山吉光,宫田幸季,2
桐井大介,远藤久美子,2
松下奈绪,要润,2
桐井大介,谷山纪章,2
石田彰,丰岛真千子,2
三浦理惠子,草笛光子,2
高x充希,东出昌大,2
麻生久美子,丰原功补,2
中井贵一,织本顺吉,2
石田壹成,福山雅治,2
桐井大介,羽多野涉,2
中井贵一,饭岛直子,2
三浦理惠子,尾美利德,2
三浦理惠子,V本高史,2
高桥和也,香川照之,2
松本莉绪,田边诚一,2
大杉涟,光石研,2
大杉涟,北香那,2
笑福亭鹤瓶,香川照之,2
大杉涟,小日向文世,2
大杉涟,吉田羊,2
三浦理惠子,不破万作,2
黑木美沙,奥田瑛二,2
下山吉光,保志总一朗,2
高桥和也,田雄司,2
桐井大介,草尾毅,2
松岛菜菜子,小栗旬,2
下山吉光,保村真,2
石田壹成,广末凉子,2
中井贵一,渡边真起子,2
宅麻伸,室毅,2
中井贵一,森口博子,2
高桥和也,伊东四朗,2
桐井大介,落合弘治,2
中井贵一,浅野和之,2
天野由梨,岛田敏,2
室毅,清野菜名,2
黑木瞳,西田尚美,2
室毅,泷藤贤一,2
桐井大介,森训久,2
石田壹成,山本耕史,2
麻生久美子,光石研,2
桐井大介,植田佳奈,2
竹内结子,寺岛进,2
梁田清之,高乃丽,2
桐井大介,武内健,2
室毅,水桥研二,2
石田壹成,大路惠美,2
中井贵一,白本彩奈,2
石田壹成,山本圭,2
杉本哲太,石垣佑磨,2
下山吉光,朴璐美,2
G本优子,草尾毅,2
麻生久美子,绯田康人,2
下山吉光,远近孝一,2
天海v希,福田麻由子,2
下山吉光,远藤久美子,2
大泽隆夫,桐谷健太,2
石黑贤,柄本佑,2
大V宁宁,阿部宽,2
G本优子,武内健,2
杉本哲太,川原和久,2
鹿贺丈史,石黑贤,2
大V宁宁,高桥一生,2
G本优子,植田佳奈,2
G本优子,森训久,2
竹中直人,段田安则,2
下山吉光,谷山纪章,2
鹿贺丈史,西村雅彦,2
石黑贤,樱井淳子,2
石黑贤,江口洋介,2
大泉洋,西田敏行,2
高桥一生,谷村美月,2
桐谷健太,中谷美纪,2
大泉洋,远藤宪一,2
大泽隆夫,绫濑遥,2
笑福亭鹤瓶,中岛裕翔,2
石丸干二,香川照之,2
柴崎幸,水野美纪,2
松岛菜菜子,藤木直人,2
黑木华,田中泯,2
G本优子,羽多野涉,2
天海v希,户田惠梨香,2
矢本悠马,清野菜名,2
大V宁宁,柏原收史,2
下山吉光,长谷川步,2
桐谷健太,内野圣阳,2
石黑贤,户田惠子,2
下山吉光,铃村健一,2
杉本哲太,小泉今日子,2
杉本哲太,山中崇史,2
大V宁宁,樱井幸子,2
杉本哲太,山西,2
矢田耕司,富泽美智惠,2
天海v希,段田安则,2
松岛菜菜子,竹野内丰,2
天海v希,沟端淳平,2
下山吉光,野田顺子,2
天海v希,津川雅彦,2
天海v希,温水洋一,2
下山吉光,落合弘治,2
黑部进,森次晃嗣,2
下山吉光,荻原秀树,2
下山吉光,草尾毅,2
杉本哲太,泷正则,2
大泽隆夫,内野圣阳,2
中原丈雄,草刈正雄,2
柴崎幸,堀北真希,2
G本优子,堀内贤雄,2
矢田耕司,八奈见乘儿,2
G本优子,D野俊介,2
上野树里,小出惠介,2
大泽隆夫,中谷美纪,2
桐井大介,下山吉光,2
下山吉光,植田佳奈,2
下山吉光,森训久,2
下山吉光,森田成一,2
竹内凉真,内田理央,2
下山吉光,桐井大介,2
桐井大介,保志总一朗,2
高x淳子,伊藤步,2
石黑贤,鹿贺丈史,2
桐井大介,保村真,2
大杉涟,田口智朗,2
高x淳子,伊武雅刀,2
柴崎幸,大后寿寿花,2
杉本哲太,椎名桔平,2
杉本哲太,桥本爱,2
杉本哲太,松冈茉优,2
下山吉光,茅原实里,2
G本优子,朴璐美,2
高x淳子,山本耕史,2
大泉洋,长泽雅美,2
东照美,泉品子,2
大泽隆夫,小出惠介,2
G本优子,本多阳子,2
高x淳子,小林隆,2
下山吉光,羽多野涉,2
下山吉光,G本优子,2
高桥一生,阿部隆史,2
天海v希,西田敏行,2
黑木华,铃木亮平,2
板谷由夏,岛田久作,2
中原丈雄,铃木京香,2
柴崎幸,小林薰,2
黑木华,长V圭史,2
G本优子,川田绅司,2
G本优子,岩村琴美,2
石黑贤,西村雅彦,2
大谷育江,飞田展男,2
神保悟志 ,反町隆史,2
中原丈雄,丸山智己,2
高木涉,江森浩子,2
高木涉,沼田v介,2
石田彰,飞田展男,2
高木涉,池泽春菜,2
东出昌大,小日向文世,2
矢田耕司,高岛雅罗,2
松冈茉优,星野源,2
石垣佑磨,杉本哲太,2
柏原崇,京野琴美,2
森久保祥太郎,三宅健太,2
稻森泉,冈田义德,2
大谷育江,田中一成,2
森下爱子,阿部隆史,2
安田显,藤木直人,2
朴璐美,铃村健一,2
朴璐美,远近孝一,2
松重丰,永山绚斗,2
石田百合子,时任三郎,2
矢部享佑,绫野刚,2
高木涉,田中一成,2
稻叶实,矢田耕司,2
石田百合子,木村佳乃,2
东出昌大,山中崇,2
松重丰,不破万作,2
松重丰,大杉涟,2
朴璐美,堀内贤雄,2
松重丰,户田惠子,2
朴璐美,谷山纪章,2
高木涉,浦和惠,2
宝生舞,樱井淳子,2
石田百合子,椎名桔平,2
朴璐美,远藤久美子,2
柏原崇,佐藤蓝子,2
稻叶实,八奈见乘儿,2
稻森泉,北大路欣也,2
安田显,要润,2
石原里美,井浦新,2
雅人,段田安则,2
上川隆也,若村麻由美,2
森下爱子,药师丸博子,2
上川隆也,草刈民代,2
松重丰,滨田岳,2
大谷育江,石田彰,2
柏原崇,酒井美纪,2
石田彰,高木涉,2
大森南朋,松田龙平,2
夏木真理,北村一辉,2
稻叶实,岛田敏,2
竹野内丰,反町隆史,2
柏原崇,马m英俚可,2
松冈茉优,江口德子,2
东出昌大,吹越满,2
大森南朋,松冈茉优,2
奥田瑛二,黑木美沙,2
东出昌大,高x充希,2
朴璐美,保志总一朗,2
三石琴乃,池泽春菜,2
朴璐美,保村真,2
大森南朋,星野源,2
黑岛结菜,伊藤健太郎,2
松冈茉优,杉本哲太,2
麻生v未,高冈早纪,2
森下爱子,酒井若菜,2
柏原收史,樱井幸子,2
森久保祥太郎,下山吉光,2
朴璐美,长谷川步,2
安田成美,松重丰,2
安田显,室毅,2
朴璐美,宫田幸季,2
大谷育江,浦和惠,2
石田彰,矢尾一树,2
石原里美,菅野美穗,2
稻叶实,富泽美智惠,2
不破万作,草笛光子,2
矢作穗香,高田里穗,2
高桥由美子,户田惠子,2
松重丰,北香那,2
松冈茉优,坂口健太郎,2
高木涉,飞田展男,2
中山亚微梨,友坂理惠,2
朴璐美,浪川大辅,2
松冈茉优,大森南朋,2
安田显,江原由希子,2
多部未华子,平山浩行,2
三石琴乃,西村千奈美,2
大谷育江,江森浩子,2
森下能幸,吉田羊,2
松冈茉优,吹越满,2
宝生舞,石黑贤,2
三石琴乃,金井美香,2
石坂浩二,上川隆也,2
松重丰,余贵美子,2
森下能幸,光石研,2
朴璐美,G本优子,2
松坂庆子,内田有纪,2
三浦友和,八千草薰,2
大谷育江,丰岛真千子,2
夏木真理,高桥一生,2
松重丰,柄本佑,2
大森南朋,吉田羊,2
中山亚微梨,古尾谷雅人,2
石原里美,香川照之,2
石原里美,阿部宽,2
雅人,新垣结衣,2
黑岛结菜,川荣李奈,2
黑岛结菜,尾形一成,2
朴璐美,茅原实里,2
矢部享佑,佐佐木麻衣,2
大谷育江,沼田v介,2
大森南朋,坂口健太郎,2
朴璐美,本多阳子,2
竹财辉之助,猪V健太,2
松重丰,国仲凉子,2
东出昌大,杉本哲太,2
朴璐美,川田绅司,2
朴璐美,植田佳奈,2
矢部享佑,希崎・杰西卡,2
夏木真理,水川麻美,2
高木涉,石田彰,2
宝生舞,高桥由美子,2
朴璐美,岩村琴美,2
雅人,小池荣子,2
矢野圣人,小池荣子,2
竹财辉之助,吉田宗洋,2
朴璐美,荻原秀树,2
三石琴乃,绿川光,2
高桥由美子,京野琴美,2
麻生v未,绫濑遥,2
稻叶实,高岛雅罗,2
雅人,山本耕史,2
朴璐美,桐井大介,2
东出昌大,松冈茉优,2
不破万作,绫田俊树,2
松冈茉优,东出昌大,2
朴璐美,森川智之,2
高桥由美子,宝生舞,2
朴璐美,森训久,2
大谷育江,池泽春菜,2
朴璐美,草尾毅,2
鹤田真由,森口瑶子,2
松重丰,八千草薰,2
石坂浩二,杉本哲太,2
松田龙平,片桐入,2
松坂桃李,吉田钢太郎,2
松坂桃李,吉冈里帆,2
稻叶友,内田理央,2
松坂桃李,安藤樱,2
石坂浩二,浅利阳介,2
柳乐优弥,仲野太贺,2
稻叶实,中岛千里,2
松重丰,安田成美,2
松冈茉优,浅野和之,2
松冈茉优,清野菜名,2
森久保祥太郎,保志总一朗,2
柳乐优弥,中田喜子,2
松坂桃李,仲野太贺,2
稻森泉,山本美月,2
竹本英史,铃村健一,2
竹野内丰,小林剑道,2
大地真央,片桐入,2
柏原收史,大V宁宁,2
雅人,北大路欣也,2
稻叶实,江森浩子,2
森下爱子,满岛光,2
松重丰,田x智子,2
竹野内丰,吉濑美智子,2
大谷育江,山口胜平,2
森久保祥太郎,保村真,2
奥田瑛二,八千草薰,2
松重丰,安藤玉惠,2
松重丰,岸本加世子,2
稻叶实,京田尚子,2
松坂桃李,岛崎遥香,2
大地真央,玉置浩二,2
森下爱子,猫背椿,2
朴璐美,下山吉光,2
高木涉,山口胜平,2
福田沙纪,德井优,2
夏木真理,中村靖日,2
稻森泉,广末凉子,2
雅人,片冈爱之助,2
松重丰,岩松了,2
松田龙平,菊池亚希子,2
松重丰,甲本雅裕,2
松坂桃李,中田喜子,2
桥本爱,小泉今日子,2
三浦友和,寺岛进,2
